;01 Март 2013 г.;0,00;0,000;1000,00;;
;02 Март 2013 г.;0,65;0,065;1000,65;;
;03 Март 2013 г.;1,30;0,130;1001,30;;
;04 Март 2013 г.;1,95;0,195;1001,95;;
;05 Март 2013 г.;2,60;0,260;1002,60;;
;06 Март 2013 г.;3,26;0,326;1003,26;;
;07 Март 2013 г.;3,91;0,391;1003,91;;
;08 Март 2013 г.;4,56;0,456;1004,56;;
;09 Март 2013 г.;5,21;0,521;1005,21;;
;10 Март 2013 г.;5,87;0,587;1005,87;;
;11 Март 2013 г.;6,52;0,652;1006,52;;
;12 Март 2013 г.;7,18;0,718;1007,18;;
;13 Март 2013 г.;7,83;0,783;1007,83;;
;14 Март 2013 г.;8,49;0,849;1008,49;;
;15 Март 2013 г.;9,14;0,914;1009,14;;
;16 Март 2013 г.;9,80;0,980;1009,80;;
;17 Март 2013 г.;10,45;1,045;1010,45;;
;18 Март 2013 г.;11,11;1,111;1011,11;;
;19 Март 2013 г.;11,77;1,177;1011,77;;
;20 Март 2013 г.;12,43;1,243;1012,43;;
;21 Март 2013 г.;13,08;1,308;1013,08;;
;22 Март 2013 г.;13,74;1,374;1013,74;;
;23 Март 2013 г.;14,40;1,440;1014,40;;
;24 Март 2013 г.;15,06;1,506;1015,06;;
;25 Март 2013 г.;15,72;1,572;1015,72;;
;26 Март 2013 г.;16,38;1,638;1016,38;;
;27 Март 2013 г.;17,04;1,704;1017,04;;
;28 Март 2013 г.;17,70;1,770;1017,70;;
;29 Март 2013 г.;18,37;1,837;1018,37;;
;30 Март 2013 г.;19,03;1,903;1019,03;;
;31 Март 2013 г.;19,69;1,969;1019,69;;
;01 Апрель 2013 г.;20,35;2,035;1020,35;"Месяц";24,42%
;02 Апрель 2013 г.;21,02;2,102;1021,02;;
;03 Апрель 2013 г.;21,68;2,168;1021,68;;
;04 Апрель 2013 г.;22,35;2,235;1022,35;;
;05 Апрель 2013 г.;23,01;2,301;1023,01;;
;06 Апрель 2013 г.;23,68;2,368;1023,68;;
;07 Апрель 2013 г.;24,34;2,434;1024,34;;
;08 Апрель 2013 г.;25,01;2,501;1025,01;;
;09 Апрель 2013 г.;25,67;2,567;1025,67;;
;10 Апрель 2013 г.;26,34;2,634;1026,34;;
;11 Апрель 2013 г.;27,01;2,701;1027,01;;
;12 Апрель 2013 г.;27,68;2,768;1027,68;;
;13 Апрель 2013 г.;28,34;2,834;1028,34;;
;14 Апрель 2013 г.;29,01;2,901;1029,01;;
;15 Апрель 2013 г.;29,68;2,968;1029,68;;
;16 Апрель 2013 г.;30,35;3,035;1030,35;;
;17 Апрель 2013 г.;31,02;3,102;1031,02;;
;18 Апрель 2013 г.;31,69;3,169;1031,69;;
;19 Апрель 2013 г.;32,36;3,236;1032,36;;
;20 Апрель 2013 г.;33,03;3,303;1033,03;;
;21 Апрель 2013 г.;33,71;3,371;1033,71;;
;22 Апрель 2013 г.;34,38;3,438;1034,38;;
;23 Апрель 2013 г.;35,05;3,505;1035,05;;
;24 Апрель 2013 г.;35,72;3,572;1035,72;;
;25 Апрель 2013 г.;36,40;3,640;1036,40;;
;26 Апрель 2013 г.;37,07;3,707;1037,07;;
;27 Апрель 2013 г.;37,74;3,774;1037,74;;
;28 Апрель 2013 г.;38,42;3,842;1038,42;;
;29 Апрель 2013 г.;39,09;3,909;1039,09;;
;30 Апрель 2013 г.;39,77;3,977;1039,77;;
;01 Май 2013 г.;40,45;4,045;1040,45;;
;02 Май 2013 г.;41,12;4,112;1041,12;;
;03 Май 2013 г.;41,80;4,180;1041,80;;
;04 Май 2013 г.;42,48;4,248;1042,48;;
;05 Май 2013 г.;43,16;4,316;1043,16;;
;06 Май 2013 г.;43,83;4,383;1043,83;;
;07 Май 2013 г.;44,51;4,451;1044,51;;
;08 Май 2013 г.;45,19;4,519;1045,19;;
;09 Май 2013 г.;45,87;4,587;1045,87;;
;10 Май 2013 г.;46,55;4,655;1046,55;;
;11 Май 2013 г.;47,23;4,723;1047,23;;
;12 Май 2013 г.;47,91;4,791;1047,91;;
;13 Май 2013 г.;48,59;4,859;1048,59;;
;14 Май 2013 г.;49,28;4,928;1049,28;;
;15 Май 2013 г.;49,96;4,996;1049,96;;
;16 Май 2013 г.;50,64;5,064;1050,64;;
;17 Май 2013 г.;51,32;5,132;1051,32;;
;18 Май 2013 г.;52,01;5,201;1052,01;;
;19 Май 2013 г.;52,69;5,269;1052,69;;
;20 Май 2013 г.;53,38;5,338;1053,38;;
;21 Май 2013 г.;54,06;5,406;1054,06;;
;22 Май 2013 г.;54,75;5,475;1054,75;;
;23 Май 2013 г.;55,43;5,543;1055,43;;
;24 Май 2013 г.;56,12;5,612;1056,12;;
;25 Май 2013 г.;56,80;5,680;1056,80;;
;26 Май 2013 г.;57,49;5,749;1057,49;;
;27 Май 2013 г.;58,18;5,818;1058,18;;
;28 Май 2013 г.;58,87;5,887;1058,87;;
;29 Май 2013 г.;59,56;5,956;1059,56;;
;30 Май 2013 г.;60,24;6,024;1060,24;;
;31 Май 2013 г.;60,93;6,093;1060,93;;
;01 Июнь 2013 г.;61,62;6,162;1061,62;"квартал";24,65%
;02 Июнь 2013 г.;62,31;6,231;1062,31;;
;03 Июнь 2013 г.;63,01;6,301;1063,01;;
;04 Июнь 2013 г.;63,70;6,370;1063,70;;
;05 Июнь 2013 г.;64,39;6,439;1064,39;;
;06 Июнь 2013 г.;65,08;6,508;1065,08;;
;07 Июнь 2013 г.;65,77;6,577;1065,77;;
;08 Июнь 2013 г.;66,47;6,647;1066,47;;
;09 Июнь 2013 г.;67,16;6,716;1067,16;;
;10 Июнь 2013 г.;67,85;6,785;1067,85;;
;11 Июнь 2013 г.;68,55;6,855;1068,55;;
;12 Июнь 2013 г.;69,24;6,924;1069,24;;
;13 Июнь 2013 г.;69,94;6,994;1069,94;;
;14 Июнь 2013 г.;70,63;7,063;1070,63;;
;15 Июнь 2013 г.;71,33;7,133;1071,33;;
;16 Июнь 2013 г.;72,03;7,203;1072,03;;
;17 Июнь 2013 г.;72,72;7,272;1072,72;;
;18 Июнь 2013 г.;73,42;7,342;1073,42;;
;19 Июнь 2013 г.;74,12;7,412;1074,12;;
;20 Июнь 2013 г.;74,82;7,482;1074,82;;
;21 Июнь 2013 г.;75,52;7,552;1075,52;;
;22 Июнь 2013 г.;76,21;7,621;1076,21;;
;23 Июнь 2013 г.;76,91;7,691;1076,91;;
;24 Июнь 2013 г.;77,61;7,761;1077,61;;
;25 Июнь 2013 г.;78,32;7,832;1078,32;;
;26 Июнь 2013 г.;79,02;7,902;1079,02;;
;27 Июнь 2013 г.;79,72;7,972;1079,72;;
;28 Июнь 2013 г.;80,42;8,042;1080,42;;
;29 Июнь 2013 г.;81,12;8,112;1081,12;;
;30 Июнь 2013 г.;81,83;8,183;1081,83;;
;01 Июль 2013 г.;82,53;8,253;1082,53;;
;02 Июль 2013 г.;83,23;8,323;1083,23;;
;03 Июль 2013 г.;83,94;8,394;1083,94;;
;04 Июль 2013 г.;84,64;8,464;1084,64;;
;05 Июль 2013 г.;85,35;8,535;1085,35;;
;06 Июль 2013 г.;86,05;8,605;1086,05;;
;07 Июль 2013 г.;86,76;8,676;1086,76;;
;08 Июль 2013 г.;87,47;8,747;1087,47;;
;09 Июль 2013 г.;88,17;8,817;1088,17;;
;10 Июль 2013 г.;88,88;8,888;1088,88;;
;11 Июль 2013 г.;89,59;8,959;1089,59;;
;12 Июль 2013 г.;90,30;9,030;1090,30;;
;13 Июль 2013 г.;91,01;9,101;1091,01;;
;14 Июль 2013 г.;91,72;9,172;1091,72;;
;15 Июль 2013 г.;92,42;9,242;1092,42;;
;16 Июль 2013 г.;93,14;9,314;1093,14;;
;17 Июль 2013 г.;93,85;9,385;1093,85;;
;18 Июль 2013 г.;94,56;9,456;1094,56;;
;19 Июль 2013 г.;95,27;9,527;1095,27;;
;20 Июль 2013 г.;95,98;9,598;1095,98;;
;21 Июль 2013 г.;96,69;9,669;1096,69;;
;22 Июль 2013 г.;97,41;9,741;1097,41;;
;23 Июль 2013 г.;98,12;9,812;1098,12;;
;24 Июль 2013 г.;98,83;9,883;1098,83;;
;25 Июль 2013 г.;99,55;9,955;1099,55;;
;26 Июль 2013 г.;100,26;10,026;1100,26;;
;27 Июль 2013 г.;100,98;10,098;1100,98;;
;28 Июль 2013 г.;101,70;10,170;1101,70;;
;29 Июль 2013 г.;102,41;10,241;1102,41;;
;30 Июль 2013 г.;103,13;10,313;1103,13;;
;31 Июль 2013 г.;103,85;10,385;1103,85;;
;01 Август 2013 г.;104,56;10,456;1104,56;;
;02 Август 2013 г.;105,28;10,528;1105,28;;
;03 Август 2013 г.;106,00;10,600;1106,00;;
;04 Август 2013 г.;106,72;10,672;1106,72;;
;05 Август 2013 г.;107,44;10,744;1107,44;;
;06 Август 2013 г.;108,16;10,816;1108,16;;
;07 Август 2013 г.;108,88;10,888;1108,88;;
;08 Август 2013 г.;109,60;10,960;1109,60;;
;09 Август 2013 г.;110,32;11,032;1110,32;;
;10 Август 2013 г.;111,04;11,104;1111,04;;
;11 Август 2013 г.;111,77;11,177;1111,77;;
;12 Август 2013 г.;112,49;11,249;1112,49;;
;13 Август 2013 г.;113,21;11,321;1113,21;;
;14 Август 2013 г.;113,94;11,394;1113,94;;
;15 Август 2013 г.;114,66;11,466;1114,66;;
;16 Август 2013 г.;115,39;11,539;1115,39;;
;17 Август 2013 г.;116,11;11,611;1116,11;;
;18 Август 2013 г.;116,84;11,684;1116,84;;
;19 Август 2013 г.;117,56;11,756;1117,56;;
;20 Август 2013 г.;118,29;11,829;1118,29;;
;21 Август 2013 г.;119,02;11,902;1119,02;;
;22 Август 2013 г.;119,74;11,974;1119,74;;
;23 Август 2013 г.;120,47;12,047;1120,47;;
;24 Август 2013 г.;121,20;12,120;1121,20;;
;25 Август 2013 г.;121,93;12,193;1121,93;;
;26 Август 2013 г.;122,66;12,266;1122,66;;
;27 Август 2013 г.;123,39;12,339;1123,39;;
;28 Август 2013 г.;124,12;12,412;1124,12;;
;29 Август 2013 г.;124,85;12,485;1124,85;;
;30 Август 2013 г.;125,58;12,558;1125,58;;
;31 Август 2013 г.;126,31;12,631;1126,31;;
;01 Сентябрь 2013 г.;127,05;12,705;1127,05;"Полгода";25,41%
;02 Сентябрь 2013 г.;127,78;12,778;1127,78;;
;03 Сентябрь 2013 г.;128,51;12,851;1128,51;;
;04 Сентябрь 2013 г.;129,25;12,925;1129,25;;
;05 Сентябрь 2013 г.;129,98;12,998;1129,98;;
;06 Сентябрь 2013 г.;130,71;13,071;1130,71;;
;07 Сентябрь 2013 г.;131,45;13,145;1131,45;;
;08 Сентябрь 2013 г.;132,19;13,219;1132,19;;
;09 Сентябрь 2013 г.;132,92;13,292;1132,92;;
;10 Сентябрь 2013 г.;133,66;13,366;1133,66;;
;11 Сентябрь 2013 г.;134,40;13,440;1134,40;;
;12 Сентябрь 2013 г.;135,13;13,513;1135,13;;
;13 Сентябрь 2013 г.;135,87;13,587;1135,87;;
;14 Сентябрь 2013 г.;136,61;13,661;1136,61;;
;15 Сентябрь 2013 г.;137,35;13,735;1137,35;;
;16 Сентябрь 2013 г.;138,09;13,809;1138,09;;
;17 Сентябрь 2013 г.;138,83;13,883;1138,83;;
;18 Сентябрь 2013 г.;139,57;13,957;1139,57;;
;19 Сентябрь 2013 г.;140,31;14,031;1140,31;;
;20 Сентябрь 2013 г.;141,05;14,105;1141,05;;
;21 Сентябрь 2013 г.;141,79;14,179;1141,79;;
;22 Сентябрь 2013 г.;142,54;14,254;1142,54;;
;23 Сентябрь 2013 г.;143,28;14,328;1143,28;;
;24 Сентябрь 2013 г.;144,02;14,402;1144,02;;
;25 Сентябрь 2013 г.;144,77;14,477;1144,77;;
;26 Сентябрь 2013 г.;145,51;14,551;1145,51;;
;27 Сентябрь 2013 г.;146,25;14,625;1146,25;;
;28 Сентябрь 2013 г.;147,00;14,700;1147,00;;
;29 Сентябрь 2013 г.;147,75;14,775;1147,75;;
;30 Сентябрь 2013 г.;148,49;14,849;1148,49;;
;01 Октябрь 2013 г.;149,24;14,924;1149,24;;
;02 Октябрь 2013 г.;149,99;14,999;1149,99;;
;03 Октябрь 2013 г.;150,73;15,073;1150,73;;
;04 Октябрь 2013 г.;151,48;15,148;1151,48;;
;05 Октябрь 2013 г.;152,23;15,223;1152,23;;
;06 Октябрь 2013 г.;152,98;15,298;1152,98;;
;07 Октябрь 2013 г.;153,73;15,373;1153,73;;
;08 Октябрь 2013 г.;154,48;15,448;1154,48;;
;09 Октябрь 2013 г.;155,23;15,523;1155,23;;
;10 Октябрь 2013 г.;155,98;15,598;1155,98;;
;11 Октябрь 2013 г.;156,73;15,673;1156,73;;
;12 Октябрь 2013 г.;157,49;15,749;1157,49;;
;13 Октябрь 2013 г.;158,24;15,824;1158,24;;
;14 Октябрь 2013 г.;158,99;15,899;1158,99;;
;15 Октябрь 2013 г.;159,74;15,974;1159,74;;
;16 Октябрь 2013 г.;160,50;16,050;1160,50;;
;17 Октябрь 2013 г.;161,25;16,125;1161,25;;
;18 Октябрь 2013 г.;162,01;16,201;1162,01;;
;19 Октябрь 2013 г.;162,76;16,276;1162,76;;
;20 Октябрь 2013 г.;163,52;16,352;1163,52;;
;21 Октябрь 2013 г.;164,28;16,428;1164,28;;
;22 Октябрь 2013 г.;165,03;16,503;1165,03;;
;23 Октябрь 2013 г.;165,79;16,579;1165,79;;
;24 Октябрь 2013 г.;166,55;16,655;1166,55;;
;25 Октябрь 2013 г.;167,31;16,731;1167,31;;
;26 Октябрь 2013 г.;168,07;16,807;1168,07;;
;27 Октябрь 2013 г.;168,83;16,883;1168,83;;
;28 Октябрь 2013 г.;169,59;16,959;1169,59;;
;29 Октябрь 2013 г.;170,35;17,035;1170,35;;
;30 Октябрь 2013 г.;171,11;17,111;1171,11;;
;31 Октябрь 2013 г.;171,87;17,187;1171,87;;
;01 Ноябрь 2013 г.;172,63;17,263;1172,63;;
;02 Ноябрь 2013 г.;173,39;17,339;1173,39;;
;03 Ноябрь 2013 г.;174,16;17,416;1174,16;;
;04 Ноябрь 2013 г.;174,92;17,492;1174,92;;
;05 Ноябрь 2013 г.;175,68;17,568;1175,68;;
;06 Ноябрь 2013 г.;176,45;17,645;1176,45;;
;07 Ноябрь 2013 г.;177,21;17,721;1177,21;;
;08 Ноябрь 2013 г.;177,98;17,798;1177,98;;
;09 Ноябрь 2013 г.;178,74;17,874;1178,74;;
;10 Ноябрь 2013 г.;179,51;17,951;1179,51;;
;11 Ноябрь 2013 г.;180,28;18,028;1180,28;;
;12 Ноябрь 2013 г.;181,05;18,105;1181,05;;
;13 Ноябрь 2013 г.;181,81;18,181;1181,81;;
;14 Ноябрь 2013 г.;182,58;18,258;1182,58;;
;15 Ноябрь 2013 г.;183,35;18,335;1183,35;;
;16 Ноябрь 2013 г.;184,12;18,412;1184,12;;
;17 Ноябрь 2013 г.;184,89;18,489;1184,89;;
;18 Ноябрь 2013 г.;185,66;18,566;1185,66;;
;19 Ноябрь 2013 г.;186,43;18,643;1186,43;;
;20 Ноябрь 2013 г.;187,20;18,720;1187,20;;
;21 Ноябрь 2013 г.;187,97;18,797;1187,97;;
;22 Ноябрь 2013 г.;188,75;18,875;1188,75;;
;23 Ноябрь 2013 г.;189,52;18,952;1189,52;;
;24 Ноябрь 2013 г.;190,29;19,029;1190,29;;
;25 Ноябрь 2013 г.;191,07;19,107;1191,07;;
;26 Ноябрь 2013 г.;191,84;19,184;1191,84;;
;27 Ноябрь 2013 г.;192,62;19,262;1192,62;;
;28 Ноябрь 2013 г.;193,39;19,339;1193,39;;
;29 Ноябрь 2013 г.;194,17;19,417;1194,17;;
;30 Ноябрь 2013 г.;194,94;19,494;1194,94;;
;01 Декабрь 2013 г.;195,72;19,572;1195,72;;
;02 Декабрь 2013 г.;196,50;19,650;1196,50;;
;03 Декабрь 2013 г.;197,28;19,728;1197,28;;
;04 Декабрь 2013 г.;198,06;19,806;1198,06;;
;05 Декабрь 2013 г.;198,83;19,883;1198,83;;
;06 Декабрь 2013 г.;199,61;19,961;1199,61;;
;07 Декабрь 2013 г.;200,39;20,039;1200,39;;
;08 Декабрь 2013 г.;201,17;20,117;1201,17;;
;09 Декабрь 2013 г.;201,96;20,196;1201,96;;
;10 Декабрь 2013 г.;202,74;20,274;1202,74;;
;11 Декабрь 2013 г.;203,52;20,352;1203,52;;
;12 Декабрь 2013 г.;204,30;20,430;1204,30;;
;13 Декабрь 2013 г.;205,08;20,508;1205,08;;
;14 Декабрь 2013 г.;205,87;20,587;1205,87;;
;15 Декабрь 2013 г.;206,65;20,665;1206,65;;
;16 Декабрь 2013 г.;207,44;20,744;1207,44;;
;17 Декабрь 2013 г.;208,22;20,822;1208,22;;
;18 Декабрь 2013 г.;209,01;20,901;1209,01;;
;19 Декабрь 2013 г.;209,79;20,979;1209,79;;
;20 Декабрь 2013 г.;210,58;21,058;1210,58;;
;21 Декабрь 2013 г.;211,37;21,137;1211,37;;
;22 Декабрь 2013 г.;212,16;21,216;1212,16;;
;23 Декабрь 2013 г.;212,94;21,294;1212,94;;
;24 Декабрь 2013 г.;213,73;21,373;1213,73;;
;25 Декабрь 2013 г.;214,52;21,452;1214,52;;
;26 Декабрь 2013 г.;215,31;21,531;1215,31;;
;27 Декабрь 2013 г.;216,10;21,610;1216,10;;
;28 Декабрь 2013 г.;216,89;21,689;1216,89;;
;29 Декабрь 2013 г.;217,68;21,768;1217,68;;
;30 Декабрь 2013 г.;218,47;21,847;1218,47;;
;31 Декабрь 2013 г.;219,27;21,927;1219,27;;
;01 Январь 2014 г.;220,06;22,006;1220,06;;
;02 Январь 2014 г.;220,85;22,085;1220,85;;
;03 Январь 2014 г.;221,65;22,165;1221,65;;
;04 Январь 2014 г.;222,44;22,244;1222,44;;
;05 Январь 2014 г.;223,24;22,324;1223,24;;
;06 Январь 2014 г.;224,03;22,403;1224,03;;
;07 Январь 2014 г.;224,83;22,483;1224,83;;
;08 Январь 2014 г.;225,62;22,562;1225,62;;
;09 Январь 2014 г.;226,42;22,642;1226,42;;
;10 Январь 2014 г.;227,22;22,722;1227,22;;
;11 Январь 2014 г.;228,02;22,802;1228,02;;
;12 Январь 2014 г.;228,81;22,881;1228,81;;
;13 Январь 2014 г.;229,61;22,961;1229,61;;
;14 Январь 2014 г.;230,41;23,041;1230,41;;
;15 Январь 2014 г.;231,21;23,121;1231,21;;
;16 Январь 2014 г.;232,01;23,201;1232,01;;
;17 Январь 2014 г.;232,81;23,281;1232,81;;
;18 Январь 2014 г.;233,62;23,362;1233,62;;
;19 Январь 2014 г.;234,42;23,442;1234,42;;
;20 Январь 2014 г.;235,22;23,522;1235,22;;
;21 Январь 2014 г.;236,02;23,602;1236,02;;
;22 Январь 2014 г.;236,83;23,683;1236,83;;
;23 Январь 2014 г.;237,63;23,763;1237,63;;
;24 Январь 2014 г.;238,44;23,844;1238,44;;
;25 Январь 2014 г.;239,24;23,924;1239,24;;
;26 Январь 2014 г.;240,05;24,005;1240,05;;
;27 Январь 2014 г.;240,85;24,085;1240,85;;
;28 Январь 2014 г.;241,66;24,166;1241,66;;
;29 Январь 2014 г.;242,47;24,247;1242,47;;
;30 Январь 2014 г.;243,28;24,328;1243,28;;
;31 Январь 2014 г.;244,08;24,408;1244,08;;
;01 Февраль 2014 г.;244,89;24,489;1244,89;;
;02 Февраль 2014 г.;245,70;24,570;1245,70;;
;03 Февраль 2014 г.;246,51;24,651;1246,51;;
;04 Февраль 2014 г.;247,32;24,732;1247,32;;
;05 Февраль 2014 г.;248,13;24,813;1248,13;;
;06 Февраль 2014 г.;248,95;24,895;1248,95;;
;07 Февраль 2014 г.;249,76;24,976;1249,76;;
;08 Февраль 2014 г.;250,57;25,057;1250,57;;
;09 Февраль 2014 г.;251,38;25,138;1251,38;;
;10 Февраль 2014 г.;252,20;25,220;1252,20;;
;11 Февраль 2014 г.;253,01;25,301;1253,01;;
;12 Февраль 2014 г.;253,83;25,383;1253,83;;
;13 Февраль 2014 г.;254,64;25,464;1254,64;;
;14 Февраль 2014 г.;255,46;25,546;1255,46;;
;15 Февраль 2014 г.;256,27;25,627;1256,27;;
;16 Февраль 2014 г.;257,09;25,709;1257,09;;
;17 Февраль 2014 г.;257,91;25,791;1257,91;;
;18 Февраль 2014 г.;258,73;25,873;1258,73;;
;19 Февраль 2014 г.;259,54;25,954;1259,54;;
;20 Февраль 2014 г.;260,36;26,036;1260,36;;
;21 Февраль 2014 г.;261,18;26,118;1261,18;;
;22 Февраль 2014 г.;262,00;26,200;1262,00;;
;23 Февраль 2014 г.;262,82;26,282;1262,82;;
;24 Февраль 2014 г.;263,64;26,364;1263,64;;
;25 Февраль 2014 г.;264,47;26,447;1264,47;;
;26 Февраль 2014 г.;265,29;26,529;1265,29;;
;27 Февраль 2014 г.;266,11;26,611;1266,11;;
;28 Февраль 2014 г.;266,93;26,693;1266,93;;
;01 Март 2014 г.;267,76;26,776;1267,76;"Год";26,78%
;02 Март 2014 г.;268,58;26,858;1268,58;;
;03 Март 2014 г.;269,41;26,941;1269,41;;
;04 Март 2014 г.;270,23;27,023;1270,23;;
;05 Март 2014 г.;271,06;27,106;1271,06;;
;06 Март 2014 г.;271,88;27,188;1271,88;;
;07 Март 2014 г.;272,71;27,271;1272,71;;
;08 Март 2014 г.;273,54;27,354;1273,54;;
;09 Март 2014 г.;274,37;27,437;1274,37;;
;10 Март 2014 г.;275,20;27,520;1275,20;;
;11 Март 2014 г.;276,03;27,603;1276,03;;
;12 Март 2014 г.;276,85;27,685;1276,85;;
;13 Март 2014 г.;277,68;27,768;1277,68;;
;14 Март 2014 г.;278,52;27,852;1278,52;;
;15 Март 2014 г.;279,35;27,935;1279,35;;
;16 Март 2014 г.;280,18;28,018;1280,18;;
;17 Март 2014 г.;281,01;28,101;1281,01;;
;18 Март 2014 г.;281,84;28,184;1281,84;;
;19 Март 2014 г.;282,68;28,268;1282,68;;
;20 Март 2014 г.;283,51;28,351;1283,51;;
;21 Март 2014 г.;284,35;28,435;1284,35;;
;22 Март 2014 г.;285,18;28,518;1285,18;;
;23 Март 2014 г.;286,02;28,602;1286,02;;
;24 Март 2014 г.;286,85;28,685;1286,85;;
;25 Март 2014 г.;287,69;28,769;1287,69;;
;26 Март 2014 г.;288,53;28,853;1288,53;;
;27 Март 2014 г.;289,36;28,936;1289,36;;
;28 Март 2014 г.;290,20;29,020;1290,20;;
;29 Март 2014 г.;291,04;29,104;1291,04;;
;30 Март 2014 г.;291,88;29,188;1291,88;;
;31 Март 2014 г.;292,72;29,272;1292,72;;
;01 Апрель 2014 г.;293,56;29,356;1293,56;;
;02 Апрель 2014 г.;294,40;29,440;1294,40;;
;03 Апрель 2014 г.;295,24;29,524;1295,24;;
;04 Апрель 2014 г.;296,09;29,609;1296,09;;
;05 Апрель 2014 г.;296,93;29,693;1296,93;;
;06 Апрель 2014 г.;297,77;29,777;1297,77;;
;07 Апрель 2014 г.;298,62;29,862;1298,62;;
;08 Апрель 2014 г.;299,46;29,946;1299,46;;
;09 Апрель 2014 г.;300,31;30,031;1300,31;;
;10 Апрель 2014 г.;301,15;30,115;1301,15;;
;11 Апрель 2014 г.;302,00;30,200;1302,00;;
;12 Апрель 2014 г.;302,84;30,284;1302,84;;
;13 Апрель 2014 г.;303,69;30,369;1303,69;;
;14 Апрель 2014 г.;304,54;30,454;1304,54;;
;15 Апрель 2014 г.;305,39;30,539;1305,39;;
;16 Апрель 2014 г.;306,24;30,624;1306,24;;
;17 Апрель 2014 г.;307,09;30,709;1307,09;;
;18 Апрель 2014 г.;307,94;30,794;1307,94;;
;19 Апрель 2014 г.;308,79;30,879;1308,79;;
;20 Апрель 2014 г.;309,64;30,964;1309,64;;
;21 Апрель 2014 г.;310,49;31,049;1310,49;;
;22 Апрель 2014 г.;311,34;31,134;1311,34;;
;23 Апрель 2014 г.;312,19;31,219;1312,19;;
;24 Апрель 2014 г.;313,05;31,305;1313,05;;
;25 Апрель 2014 г.;313,90;31,390;1313,90;;
;26 Апрель 2014 г.;314,75;31,475;1314,75;;
;27 Апрель 2014 г.;315,61;31,561;1315,61;;
;28 Апрель 2014 г.;316,46;31,646;1316,46;;
;29 Апрель 2014 г.;317,32;31,732;1317,32;;
;30 Апрель 2014 г.;318,18;31,818;1318,18;;
;01 Май 2014 г.;319,03;31,903;1319,03;;
;02 Май 2014 г.;319,89;31,989;1319,89;;
;03 Май 2014 г.;320,75;32,075;1320,75;;
;04 Май 2014 г.;321,61;32,161;1321,61;;
;05 Май 2014 г.;322,47;32,247;1322,47;;
;06 Май 2014 г.;323,33;32,333;1323,33;;
;07 Май 2014 г.;324,19;32,419;1324,19;;
;08 Май 2014 г.;325,05;32,505;1325,05;;
;09 Май 2014 г.;325,91;32,591;1325,91;;
;10 Май 2014 г.;326,77;32,677;1326,77;;
;11 Май 2014 г.;327,64;32,764;1327,64;;
;12 Май 2014 г.;328,50;32,850;1328,50;;
;13 Май 2014 г.;329,36;32,936;1329,36;;
;14 Май 2014 г.;330,23;33,023;1330,23;;
;15 Май 2014 г.;331,09;33,109;1331,09;;
;16 Май 2014 г.;331,96;33,196;1331,96;;
;17 Май 2014 г.;332,82;33,282;1332,82;;
;18 Май 2014 г.;333,69;33,369;1333,69;;
;19 Май 2014 г.;334,56;33,456;1334,56;;
;20 Май 2014 г.;335,43;33,543;1335,43;;
;21 Май 2014 г.;336,29;33,629;1336,29;;
;22 Май 2014 г.;337,16;33,716;1337,16;;
;23 Май 2014 г.;338,03;33,803;1338,03;;
;24 Май 2014 г.;338,90;33,890;1338,90;;
;25 Май 2014 г.;339,77;33,977;1339,77;;
;26 Май 2014 г.;340,64;34,064;1340,64;;
;27 Май 2014 г.;341,52;34,152;1341,52;;
;28 Май 2014 г.;342,39;34,239;1342,39;;
;29 Май 2014 г.;343,26;34,326;1343,26;;
;30 Май 2014 г.;344,13;34,413;1344,13;;
;31 Май 2014 г.;345,01;34,501;1345,01;;
;01 Июнь 2014 г.;345,88;34,588;1345,88;;
;02 Июнь 2014 г.;346,76;34,676;1346,76;;
;03 Июнь 2014 г.;347,63;34,763;1347,63;;
;04 Июнь 2014 г.;348,51;34,851;1348,51;;
;05 Июнь 2014 г.;349,39;34,939;1349,39;;
;06 Июнь 2014 г.;350,26;35,026;1350,26;;
;07 Июнь 2014 г.;351,14;35,114;1351,14;;
;08 Июнь 2014 г.;352,02;35,202;1352,02;;
;09 Июнь 2014 г.;352,90;35,290;1352,90;;
;10 Июнь 2014 г.;353,78;35,378;1353,78;;
;11 Июнь 2014 г.;354,66;35,466;1354,66;;
;12 Июнь 2014 г.;355,54;35,554;1355,54;;
;13 Июнь 2014 г.;356,42;35,642;1356,42;;
;14 Июнь 2014 г.;357,30;35,730;1357,30;;
;15 Июнь 2014 г.;358,19;35,819;1358,19;;
;16 Июнь 2014 г.;359,07;35,907;1359,07;;
;17 Июнь 2014 г.;359,95;35,995;1359,95;;
;18 Июнь 2014 г.;360,84;36,084;1360,84;;
;19 Июнь 2014 г.;361,72;36,172;1361,72;;
;20 Июнь 2014 г.;362,61;36,261;1362,61;;
;21 Июнь 2014 г.;363,49;36,349;1363,49;;
;22 Июнь 2014 г.;364,38;36,438;1364,38;;
;23 Июнь 2014 г.;365,27;36,527;1365,27;;
;24 Июнь 2014 г.;366,15;36,615;1366,15;;
;25 Июнь 2014 г.;367,04;36,704;1367,04;;
;26 Июнь 2014 г.;367,93;36,793;1367,93;;
;27 Июнь 2014 г.;368,82;36,882;1368,82;;
;28 Июнь 2014 г.;369,71;36,971;1369,71;;
;29 Июнь 2014 г.;370,60;37,060;1370,60;;
;30 Июнь 2014 г.;371,49;37,149;1371,49;;
;01 Июль 2014 г.;372,38;37,238;1372,38;;
;02 Июль 2014 г.;373,28;37,328;1373,28;;
;03 Июль 2014 г.;374,17;37,417;1374,17;;
;04 Июль 2014 г.;375,06;37,506;1375,06;;
;05 Июль 2014 г.;375,96;37,596;1375,96;;
;06 Июль 2014 г.;376,85;37,685;1376,85;;
;07 Июль 2014 г.;377,75;37,775;1377,75;;
;08 Июль 2014 г.;378,64;37,864;1378,64;;
;09 Июль 2014 г.;379,54;37,954;1379,54;;
;10 Июль 2014 г.;380,44;38,044;1380,44;;
;11 Июль 2014 г.;381,33;38,133;1381,33;;
;12 Июль 2014 г.;382,23;38,223;1382,23;;
;13 Июль 2014 г.;383,13;38,313;1383,13;;
;14 Июль 2014 г.;384,03;38,403;1384,03;;
;15 Июль 2014 г.;384,93;38,493;1384,93;;
;16 Июль 2014 г.;385,83;38,583;1385,83;;
;17 Июль 2014 г.;386,73;38,673;1386,73;;
;18 Июль 2014 г.;387,63;38,763;1387,63;;
;19 Июль 2014 г.;388,54;38,854;1388,54;;
;20 Июль 2014 г.;389,44;38,944;1389,44;;
;21 Июль 2014 г.;390,34;39,034;1390,34;;
;22 Июль 2014 г.;391,25;39,125;1391,25;;
;23 Июль 2014 г.;392,15;39,215;1392,15;;
;24 Июль 2014 г.;393,06;39,306;1393,06;;
;25 Июль 2014 г.;393,96;39,396;1393,96;;
;26 Июль 2014 г.;394,87;39,487;1394,87;;
;27 Июль 2014 г.;395,77;39,577;1395,77;;
;28 Июль 2014 г.;396,68;39,668;1396,68;;
;29 Июль 2014 г.;397,59;39,759;1397,59;;
;30 Июль 2014 г.;398,50;39,850;1398,50;;
;31 Июль 2014 г.;399,41;39,941;1399,41;;
;01 Август 2014 г.;400,32;40,032;1400,32;;
;02 Август 2014 г.;401,23;40,123;1401,23;;
;03 Август 2014 г.;402,14;40,214;1402,14;;
;04 Август 2014 г.;403,05;40,305;1403,05;;
;05 Август 2014 г.;403,96;40,396;1403,96;;
;06 Август 2014 г.;404,88;40,488;1404,88;;
;07 Август 2014 г.;405,79;40,579;1405,79;;
;08 Август 2014 г.;406,70;40,670;1406,70;;
;09 Август 2014 г.;407,62;40,762;1407,62;;
;10 Август 2014 г.;408,53;40,853;1408,53;;
;11 Август 2014 г.;409,45;40,945;1409,45;;
;12 Август 2014 г.;410,37;41,037;1410,37;;
;13 Август 2014 г.;411,28;41,128;1411,28;;
;14 Август 2014 г.;412,20;41,220;1412,20;;
;15 Август 2014 г.;413,12;41,312;1413,12;;
;16 Август 2014 г.;414,04;41,404;1414,04;;
;17 Август 2014 г.;414,96;41,496;1414,96;;
;18 Август 2014 г.;415,88;41,588;1415,88;;
;19 Август 2014 г.;416,80;41,680;1416,80;;
;20 Август 2014 г.;417,72;41,772;1417,72;;
;21 Август 2014 г.;418,64;41,864;1418,64;;
;22 Август 2014 г.;419,56;41,956;1419,56;;
;23 Август 2014 г.;420,49;42,049;1420,49;;
;24 Август 2014 г.;421,41;42,141;1421,41;;
;25 Август 2014 г.;422,33;42,233;1422,33;;
;26 Август 2014 г.;423,26;42,326;1423,26;;
;27 Август 2014 г.;424,18;42,418;1424,18;;
;28 Август 2014 г.;425,11;42,511;1425,11;;
;29 Август 2014 г.;426,04;42,604;1426,04;;
;30 Август 2014 г.;426,96;42,696;1426,96;;
;31 Август 2014 г.;427,89;42,789;1427,89;;
;01 Сентябрь 2014 г.;428,82;42,882;1428,82;"Полтора";28,59%
;02 Сентябрь 2014 г.;429,75;42,975;1429,75;;
;03 Сентябрь 2014 г.;430,68;43,068;1430,68;;
;04 Сентябрь 2014 г.;431,61;43,161;1431,61;;
;05 Сентябрь 2014 г.;432,54;43,254;1432,54;;
;06 Сентябрь 2014 г.;433,47;43,347;1433,47;;
;07 Сентябрь 2014 г.;434,40;43,440;1434,40;;
;08 Сентябрь 2014 г.;435,34;43,534;1435,34;;
;09 Сентябрь 2014 г.;436,27;43,627;1436,27;;
;10 Сентябрь 2014 г.;437,20;43,720;1437,20;;
;11 Сентябрь 2014 г.;438,14;43,814;1438,14;;
;12 Сентябрь 2014 г.;439,07;43,907;1439,07;;
;13 Сентябрь 2014 г.;440,01;44,001;1440,01;;
;14 Сентябрь 2014 г.;440,95;44,095;1440,95;;
;15 Сентябрь 2014 г.;441,88;44,188;1441,88;;
;16 Сентябрь 2014 г.;442,82;44,282;1442,82;;
;17 Сентябрь 2014 г.;443,76;44,376;1443,76;;
;18 Сентябрь 2014 г.;444,70;44,470;1444,70;;
;19 Сентябрь 2014 г.;445,64;44,564;1445,64;;
;20 Сентябрь 2014 г.;446,58;44,658;1446,58;;
;21 Сентябрь 2014 г.;447,52;44,752;1447,52;;
;22 Сентябрь 2014 г.;448,46;44,846;1448,46;;
;23 Сентябрь 2014 г.;449,40;44,940;1449,40;;
;24 Сентябрь 2014 г.;450,34;45,034;1450,34;;
;25 Сентябрь 2014 г.;451,29;45,129;1451,29;;
;26 Сентябрь 2014 г.;452,23;45,223;1452,23;;
;27 Сентябрь 2014 г.;453,17;45,317;1453,17;;
;28 Сентябрь 2014 г.;454,12;45,412;1454,12;;
;29 Сентябрь 2014 г.;455,06;45,506;1455,06;;
;30 Сентябрь 2014 г.;456,01;45,601;1456,01;;
;01 Октябрь 2014 г.;456,96;45,696;1456,96;;
;02 Октябрь 2014 г.;457,90;45,790;1457,90;;
;03 Октябрь 2014 г.;458,85;45,885;1458,85;;
;04 Октябрь 2014 г.;459,80;45,980;1459,80;;
;05 Октябрь 2014 г.;460,75;46,075;1460,75;;
;06 Октябрь 2014 г.;461,70;46,170;1461,70;;
;07 Октябрь 2014 г.;462,65;46,265;1462,65;;
;08 Октябрь 2014 г.;463,60;46,360;1463,60;;
;09 Октябрь 2014 г.;464,55;46,455;1464,55;;
;10 Октябрь 2014 г.;465,50;46,550;1465,50;;
;11 Октябрь 2014 г.;466,46;46,646;1466,46;;
;12 Октябрь 2014 г.;467,41;46,741;1467,41;;
;13 Октябрь 2014 г.;468,37;46,837;1468,37;;
;14 Октябрь 2014 г.;469,32;46,932;1469,32;;
;15 Октябрь 2014 г.;470,28;47,028;1470,28;;
;16 Октябрь 2014 г.;471,23;47,123;1471,23;;
;17 Октябрь 2014 г.;472,19;47,219;1472,19;;
;18 Октябрь 2014 г.;473,15;47,315;1473,15;;
;19 Октябрь 2014 г.;474,10;47,410;1474,10;;
;20 Октябрь 2014 г.;475,06;47,506;1475,06;;
;21 Октябрь 2014 г.;476,02;47,602;1476,02;;
;22 Октябрь 2014 г.;476,98;47,698;1476,98;;
;23 Октябрь 2014 г.;477,94;47,794;1477,94;;
;24 Октябрь 2014 г.;478,90;47,890;1478,90;;
;25 Октябрь 2014 г.;479,86;47,986;1479,86;;
;26 Октябрь 2014 г.;480,83;48,083;1480,83;;
;27 Октябрь 2014 г.;481,79;48,179;1481,79;;
;28 Октябрь 2014 г.;482,75;48,275;1482,75;;
;29 Октябрь 2014 г.;483,72;48,372;1483,72;;
;30 Октябрь 2014 г.;484,68;48,468;1484,68;;
;31 Октябрь 2014 г.;485,65;48,565;1485,65;;
;01 Ноябрь 2014 г.;486,61;48,661;1486,61;;
;02 Ноябрь 2014 г.;487,58;48,758;1487,58;;
;03 Ноябрь 2014 г.;488,55;48,855;1488,55;;
;04 Ноябрь 2014 г.;489,51;48,951;1489,51;;
;05 Ноябрь 2014 г.;490,48;49,048;1490,48;;
;06 Ноябрь 2014 г.;491,45;49,145;1491,45;;
;07 Ноябрь 2014 г.;492,42;49,242;1492,42;;
;08 Ноябрь 2014 г.;493,39;49,339;1493,39;;
;09 Ноябрь 2014 г.;494,36;49,436;1494,36;;
;10 Ноябрь 2014 г.;495,33;49,533;1495,33;;
;11 Ноябрь 2014 г.;496,31;49,631;1496,31;;
;12 Ноябрь 2014 г.;497,28;49,728;1497,28;;
;13 Ноябрь 2014 г.;498,25;49,825;1498,25;;
;14 Ноябрь 2014 г.;499,23;49,923;1499,23;;
;15 Ноябрь 2014 г.;500,20;50,020;1500,20;;
;16 Ноябрь 2014 г.;501,18;50,118;1501,18;;
;17 Ноябрь 2014 г.;502,15;50,215;1502,15;;
;18 Ноябрь 2014 г.;503,13;50,313;1503,13;;
;19 Ноябрь 2014 г.;504,11;50,411;1504,11;;
;20 Ноябрь 2014 г.;505,09;50,509;1505,09;;
;21 Ноябрь 2014 г.;506,06;50,606;1506,06;;
;22 Ноябрь 2014 г.;507,04;50,704;1507,04;;
;23 Ноябрь 2014 г.;508,02;50,802;1508,02;;
;24 Ноябрь 2014 г.;509,00;50,900;1509,00;;
;25 Ноябрь 2014 г.;509,98;50,998;1509,98;;
;26 Ноябрь 2014 г.;510,97;51,097;1510,97;;
;27 Ноябрь 2014 г.;511,95;51,195;1511,95;;
;28 Ноябрь 2014 г.;512,93;51,293;1512,93;;
;29 Ноябрь 2014 г.;513,92;51,392;1513,92;;
;30 Ноябрь 2014 г.;514,90;51,490;1514,90;;
;01 Декабрь 2014 г.;515,89;51,589;1515,89;;
;02 Декабрь 2014 г.;516,87;51,687;1516,87;;
;03 Декабрь 2014 г.;517,86;51,786;1517,86;;
;04 Декабрь 2014 г.;518,84;51,884;1518,84;;
;05 Декабрь 2014 г.;519,83;51,983;1519,83;;
;06 Декабрь 2014 г.;520,82;52,082;1520,82;;
;07 Декабрь 2014 г.;521,81;52,181;1521,81;;
;08 Декабрь 2014 г.;522,80;52,280;1522,80;;
;09 Декабрь 2014 г.;523,79;52,379;1523,79;;
;10 Декабрь 2014 г.;524,78;52,478;1524,78;;
;11 Декабрь 2014 г.;525,77;52,577;1525,77;;
;12 Декабрь 2014 г.;526,76;52,676;1526,76;;
;13 Декабрь 2014 г.;527,76;52,776;1527,76;;
;14 Декабрь 2014 г.;528,75;52,875;1528,75;;
;15 Декабрь 2014 г.;529,74;52,974;1529,74;;
;16 Декабрь 2014 г.;530,74;53,074;1530,74;;
;17 Декабрь 2014 г.;531,73;53,173;1531,73;;
;18 Декабрь 2014 г.;532,73;53,273;1532,73;;
;19 Декабрь 2014 г.;533,73;53,373;1533,73;;
;20 Декабрь 2014 г.;534,72;53,472;1534,72;;
;21 Декабрь 2014 г.;535,72;53,572;1535,72;;
;22 Декабрь 2014 г.;536,72;53,672;1536,72;;
;23 Декабрь 2014 г.;537,72;53,772;1537,72;;
;24 Декабрь 2014 г.;538,72;53,872;1538,72;;
;25 Декабрь 2014 г.;539,72;53,972;1539,72;;
;26 Декабрь 2014 г.;540,72;54,072;1540,72;;
;27 Декабрь 2014 г.;541,72;54,172;1541,72;;
;28 Декабрь 2014 г.;542,72;54,272;1542,72;;
;29 Декабрь 2014 г.;543,73;54,373;1543,73;;
;30 Декабрь 2014 г.;544,73;54,473;1544,73;;
;31 Декабрь 2014 г.;545,74;54,574;1545,74;;
;01 Январь 2015 г.;546,74;54,674;1546,74;;
;02 Январь 2015 г.;547,75;54,775;1547,75;;
;03 Январь 2015 г.;548,75;54,875;1548,75;;
;04 Январь 2015 г.;549,76;54,976;1549,76;;
;05 Январь 2015 г.;550,77;55,077;1550,77;;
;06 Январь 2015 г.;551,78;55,178;1551,78;;
;07 Январь 2015 г.;552,78;55,278;1552,78;;
;08 Январь 2015 г.;553,79;55,379;1553,79;;
;09 Январь 2015 г.;554,80;55,480;1554,80;;
;10 Январь 2015 г.;555,82;55,582;1555,82;;
;11 Январь 2015 г.;556,83;55,683;1556,83;;
;12 Январь 2015 г.;557,84;55,784;1557,84;;
;13 Январь 2015 г.;558,85;55,885;1558,85;;
;14 Январь 2015 г.;559,87;55,987;1559,87;;
;15 Январь 2015 г.;560,88;56,088;1560,88;;
;16 Январь 2015 г.;561,89;56,189;1561,89;;
;17 Январь 2015 г.;562,91;56,291;1562,91;;
;18 Январь 2015 г.;563,93;56,393;1563,93;;
;19 Январь 2015 г.;564,94;56,494;1564,94;;
;20 Январь 2015 г.;565,96;56,596;1565,96;;
;21 Январь 2015 г.;566,98;56,698;1566,98;;
;22 Январь 2015 г.;568,00;56,800;1568,00;;
;23 Январь 2015 г.;569,02;56,902;1569,02;;
;24 Январь 2015 г.;570,04;57,004;1570,04;;
;25 Январь 2015 г.;571,06;57,106;1571,06;;
;26 Январь 2015 г.;572,08;57,208;1572,08;;
;27 Январь 2015 г.;573,10;57,310;1573,10;;
;28 Январь 2015 г.;574,13;57,413;1574,13;;
;29 Январь 2015 г.;575,15;57,515;1575,15;;
;30 Январь 2015 г.;576,17;57,617;1576,17;;
;31 Январь 2015 г.;577,20;57,720;1577,20;;
;01 Февраль 2015 г.;578,22;57,822;1578,22;;
;02 Февраль 2015 г.;579,25;57,925;1579,25;;
;03 Февраль 2015 г.;580,28;58,028;1580,28;;
;04 Февраль 2015 г.;581,30;58,130;1581,30;;
;05 Февраль 2015 г.;582,33;58,233;1582,33;;
;06 Февраль 2015 г.;583,36;58,336;1583,36;;
;07 Февраль 2015 г.;584,39;58,439;1584,39;;
;08 Февраль 2015 г.;585,42;58,542;1585,42;;
;09 Февраль 2015 г.;586,45;58,645;1586,45;;
;10 Февраль 2015 г.;587,48;58,748;1587,48;;
;11 Февраль 2015 г.;588,51;58,851;1588,51;;
;12 Февраль 2015 г.;589,55;58,955;1589,55;;
;13 Февраль 2015 г.;590,58;59,058;1590,58;;
;14 Февраль 2015 г.;591,62;59,162;1591,62;;
;15 Февраль 2015 г.;592,65;59,265;1592,65;;
;16 Февраль 2015 г.;593,69;59,369;1593,69;;
;17 Февраль 2015 г.;594,72;59,472;1594,72;;
;18 Февраль 2015 г.;595,76;59,576;1595,76;;
;19 Февраль 2015 г.;596,80;59,680;1596,80;;
;20 Февраль 2015 г.;597,83;59,783;1597,83;;
;21 Февраль 2015 г.;598,87;59,887;1598,87;;
;22 Февраль 2015 г.;599,91;59,991;1599,91;;
;23 Февраль 2015 г.;600,95;60,095;1600,95;;
;24 Февраль 2015 г.;601,99;60,199;1601,99;;
;25 Февраль 2015 г.;603,04;60,304;1603,04;;
;26 Февраль 2015 г.;604,08;60,408;1604,08;;
;27 Февраль 2015 г.;605,12;60,512;1605,12;;
;28 Февраль 2015 г.;606,17;60,617;1606,17;;
;01 Март 2015 г.;607,21;60,721;1607,21;"Два года";30,36%
;02 Март 2015 г.;608,25;60,825;1608,25;;
;03 Март 2015 г.;609,30;60,930;1609,30;;
;04 Март 2015 г.;610,35;61,035;1610,35;;
;05 Март 2015 г.;611,39;61,139;1611,39;;
;06 Март 2015 г.;612,44;61,244;1612,44;;
;07 Март 2015 г.;613,49;61,349;1613,49;;
;08 Март 2015 г.;614,54;61,454;1614,54;;
;09 Март 2015 г.;615,59;61,559;1615,59;;
;10 Март 2015 г.;616,64;61,664;1616,64;;
;11 Март 2015 г.;617,69;61,769;1617,69;;
;12 Март 2015 г.;618,74;61,874;1618,74;;
;13 Март 2015 г.;619,79;61,979;1619,79;;
;14 Март 2015 г.;620,85;62,085;1620,85;;
;15 Март 2015 г.;621,90;62,190;1621,90;;
;16 Март 2015 г.;622,96;62,296;1622,96;;
;17 Март 2015 г.;624,01;62,401;1624,01;;
;18 Март 2015 г.;625,07;62,507;1625,07;;
;19 Март 2015 г.;626,12;62,612;1626,12;;
;20 Март 2015 г.;627,18;62,718;1627,18;;
;21 Март 2015 г.;628,24;62,824;1628,24;;
;22 Март 2015 г.;629,30;62,930;1629,30;;
;23 Март 2015 г.;630,36;63,036;1630,36;;
;24 Март 2015 г.;631,42;63,142;1631,42;;
;25 Март 2015 г.;632,48;63,248;1632,48;;
;26 Март 2015 г.;633,54;63,354;1633,54;;
;27 Март 2015 г.;634,60;63,460;1634,60;;
;28 Март 2015 г.;635,67;63,567;1635,67;;
;29 Март 2015 г.;636,73;63,673;1636,73;;
;30 Март 2015 г.;637,79;63,779;1637,79;;
;31 Март 2015 г.;638,86;63,886;1638,86;;
;01 Апрель 2015 г.;639,92;63,992;1639,92;;
;02 Апрель 2015 г.;640,99;64,099;1640,99;;
;03 Апрель 2015 г.;642,06;64,206;1642,06;;
;04 Апрель 2015 г.;643,12;64,312;1643,12;;
;05 Апрель 2015 г.;644,19;64,419;1644,19;;
;06 Апрель 2015 г.;645,26;64,526;1645,26;;
;07 Апрель 2015 г.;646,33;64,633;1646,33;;
;08 Апрель 2015 г.;647,40;64,740;1647,40;;
;09 Апрель 2015 г.;648,47;64,847;1648,47;;
;10 Апрель 2015 г.;649,55;64,955;1649,55;;
;11 Апрель 2015 г.;650,62;65,062;1650,62;;
;12 Апрель 2015 г.;651,69;65,169;1651,69;;
;13 Апрель 2015 г.;652,76;65,276;1652,76;;
;14 Апрель 2015 г.;653,84;65,384;1653,84;;
;15 Апрель 2015 г.;654,91;65,491;1654,91;;
;16 Апрель 2015 г.;655,99;65,599;1655,99;;
;17 Апрель 2015 г.;657,07;65,707;1657,07;;
;18 Апрель 2015 г.;658,15;65,815;1658,15;;
;19 Апрель 2015 г.;659,22;65,922;1659,22;;
;20 Апрель 2015 г.;660,30;66,030;1660,30;;
;21 Апрель 2015 г.;661,38;66,138;1661,38;;
;22 Апрель 2015 г.;662,46;66,246;1662,46;;
;23 Апрель 2015 г.;663,54;66,354;1663,54;;
;24 Апрель 2015 г.;664,62;66,462;1664,62;;
;25 Апрель 2015 г.;665,71;66,571;1665,71;;
;26 Апрель 2015 г.;666,79;66,679;1666,79;;
;27 Апрель 2015 г.;667,87;66,787;1667,87;;
;28 Апрель 2015 г.;668,96;66,896;1668,96;;
;29 Апрель 2015 г.;670,04;67,004;1670,04;;
;30 Апрель 2015 г.;671,13;67,113;1671,13;;
;01 Май 2015 г.;672,22;67,222;1672,22;;
;02 Май 2015 г.;673,30;67,330;1673,30;;
;03 Май 2015 г.;674,39;67,439;1674,39;;
;04 Май 2015 г.;675,48;67,548;1675,48;;
;05 Май 2015 г.;676,57;67,657;1676,57;;
;06 Май 2015 г.;677,66;67,766;1677,66;;
;07 Май 2015 г.;678,75;67,875;1678,75;;
;08 Май 2015 г.;679,84;67,984;1679,84;;
;09 Май 2015 г.;680,93;68,093;1680,93;;
;10 Май 2015 г.;682,03;68,203;1682,03;;
;11 Май 2015 г.;683,12;68,312;1683,12;;
;12 Май 2015 г.;684,21;68,421;1684,21;;
;13 Май 2015 г.;685,31;68,531;1685,31;;
;14 Май 2015 г.;686,41;68,641;1686,41;;
;15 Май 2015 г.;687,50;68,750;1687,50;;
;16 Май 2015 г.;688,60;68,860;1688,60;;
;17 Май 2015 г.;689,70;68,970;1689,70;;
;18 Май 2015 г.;690,80;69,080;1690,80;;
;19 Май 2015 г.;691,90;69,190;1691,90;;
;20 Май 2015 г.;693,00;69,300;1693,00;;
;21 Май 2015 г.;694,10;69,410;1694,10;;
;22 Май 2015 г.;695,20;69,520;1695,20;;
;23 Май 2015 г.;696,30;69,630;1696,30;;
;24 Май 2015 г.;697,40;69,740;1697,40;;
;25 Май 2015 г.;698,51;69,851;1698,51;;
;26 Май 2015 г.;699,61;69,961;1699,61;;
;27 Май 2015 г.;700,72;70,072;1700,72;;
;28 Май 2015 г.;701,82;70,182;1701,82;;
;29 Май 2015 г.;702,93;70,293;1702,93;;
;30 Май 2015 г.;704,04;70,404;1704,04;;
;31 Май 2015 г.;705,14;70,514;1705,14;;
;01 Июнь 2015 г.;706,25;70,625;1706,25;;
;02 Июнь 2015 г.;707,36;70,736;1707,36;;
;03 Июнь 2015 г.;708,47;70,847;1708,47;;
;04 Июнь 2015 г.;709,58;70,958;1709,58;;
;05 Июнь 2015 г.;710,69;71,069;1710,69;;
;06 Июнь 2015 г.;711,81;71,181;1711,81;;
;07 Июнь 2015 г.;712,92;71,292;1712,92;;
;08 Июнь 2015 г.;714,03;71,403;1714,03;;
;09 Июнь 2015 г.;715,15;71,515;1715,15;;
;10 Июнь 2015 г.;716,26;71,626;1716,26;;
;11 Июнь 2015 г.;717,38;71,738;1717,38;;
;12 Июнь 2015 г.;718,50;71,850;1718,50;;
;13 Июнь 2015 г.;719,61;71,961;1719,61;;
;14 Июнь 2015 г.;720,73;72,073;1720,73;;
;15 Июнь 2015 г.;721,85;72,185;1721,85;;
;16 Июнь 2015 г.;722,97;72,297;1722,97;;
;17 Июнь 2015 г.;724,09;72,409;1724,09;;
;18 Июнь 2015 г.;725,21;72,521;1725,21;;
;19 Июнь 2015 г.;726,33;72,633;1726,33;;
;20 Июнь 2015 г.;727,46;72,746;1727,46;;
;21 Июнь 2015 г.;728,58;72,858;1728,58;;
;22 Июнь 2015 г.;729,70;72,970;1729,70;;
;23 Июнь 2015 г.;730,83;73,083;1730,83;;
;24 Июнь 2015 г.;731,95;73,195;1731,95;;
;25 Июнь 2015 г.;733,08;73,308;1733,08;;
;26 Июнь 2015 г.;734,21;73,421;1734,21;;
;27 Июнь 2015 г.;735,33;73,533;1735,33;;
;28 Июнь 2015 г.;736,46;73,646;1736,46;;
;29 Июнь 2015 г.;737,59;73,759;1737,59;;
;30 Июнь 2015 г.;738,72;73,872;1738,72;;
;01 Июль 2015 г.;739,85;73,985;1739,85;;
;02 Июль 2015 г.;740,98;74,098;1740,98;;
;03 Июль 2015 г.;742,11;74,211;1742,11;;
;04 Июль 2015 г.;743,25;74,325;1743,25;;
;05 Июль 2015 г.;744,38;74,438;1744,38;;
;06 Июль 2015 г.;745,51;74,551;1745,51;;
;07 Июль 2015 г.;746,65;74,665;1746,65;;
;08 Июль 2015 г.;747,79;74,779;1747,79;;
;09 Июль 2015 г.;748,92;74,892;1748,92;;
;10 Июль 2015 г.;750,06;75,006;1750,06;;
;11 Июль 2015 г.;751,20;75,120;1751,20;;
;12 Июль 2015 г.;752,34;75,234;1752,34;;
;13 Июль 2015 г.;753,47;75,347;1753,47;;
;14 Июль 2015 г.;754,62;75,462;1754,62;;
;15 Июль 2015 г.;755,76;75,576;1755,76;;
;16 Июль 2015 г.;756,90;75,690;1756,90;;
;17 Июль 2015 г.;758,04;75,804;1758,04;;
;18 Июль 2015 г.;759,18;75,918;1759,18;;
;19 Июль 2015 г.;760,33;76,033;1760,33;;
;20 Июль 2015 г.;761,47;76,147;1761,47;;
;21 Июль 2015 г.;762,62;76,262;1762,62;;
;22 Июль 2015 г.;763,76;76,376;1763,76;;
;23 Июль 2015 г.;764,91;76,491;1764,91;;
;24 Июль 2015 г.;766,06;76,606;1766,06;;
;25 Июль 2015 г.;767,21;76,721;1767,21;;
;26 Июль 2015 г.;768,35;76,835;1768,35;;
;27 Июль 2015 г.;769,50;76,950;1769,50;;
;28 Июль 2015 г.;770,65;77,065;1770,65;;
;29 Июль 2015 г.;771,81;77,181;1771,81;;
;30 Июль 2015 г.;772,96;77,296;1772,96;;
;31 Июль 2015 г.;774,11;77,411;1774,11;;
;01 Август 2015 г.;775,26;77,526;1775,26;;
;02 Август 2015 г.;776,42;77,642;1776,42;;
;03 Август 2015 г.;777,57;77,757;1777,57;;
;04 Август 2015 г.;778,73;77,873;1778,73;;
;05 Август 2015 г.;779,89;77,989;1779,89;;
;06 Август 2015 г.;781,04;78,104;1781,04;;
;07 Август 2015 г.;782,20;78,220;1782,20;;
;08 Август 2015 г.;783,36;78,336;1783,36;;
;09 Август 2015 г.;784,52;78,452;1784,52;;
;10 Август 2015 г.;785,68;78,568;1785,68;;
;11 Август 2015 г.;786,84;78,684;1786,84;;
;12 Август 2015 г.;788,00;78,800;1788,00;;
;13 Август 2015 г.;789,17;78,917;1789,17;;
;14 Август 2015 г.;790,33;79,033;1790,33;;
;15 Август 2015 г.;791,49;79,149;1791,49;;
;16 Август 2015 г.;792,66;79,266;1792,66;;
;17 Август 2015 г.;793,82;79,382;1793,82;;
;18 Август 2015 г.;794,99;79,499;1794,99;;
;19 Август 2015 г.;796,16;79,616;1796,16;;
;20 Август 2015 г.;797,33;79,733;1797,33;;
;21 Август 2015 г.;798,49;79,849;1798,49;;
;22 Август 2015 г.;799,66;79,966;1799,66;;
;23 Август 2015 г.;800,83;80,083;1800,83;;
;24 Август 2015 г.;802,00;80,200;1802,00;;
;25 Август 2015 г.;803,18;80,318;1803,18;;
;26 Август 2015 г.;804,35;80,435;1804,35;;
;27 Август 2015 г.;805,52;80,552;1805,52;;
;28 Август 2015 г.;806,70;80,670;1806,70;;
;29 Август 2015 г.;807,87;80,787;1807,87;;
;30 Август 2015 г.;809,05;80,905;1809,05;;
;31 Август 2015 г.;810,22;81,022;1810,22;;
;01 Сентябрь 2015 г.;811,40;81,140;1811,40;;
;02 Сентябрь 2015 г.;812,58;81,258;1812,58;;
;03 Сентябрь 2015 г.;813,76;81,376;1813,76;;
;04 Сентябрь 2015 г.;814,93;81,493;1814,93;;
;05 Сентябрь 2015 г.;816,11;81,611;1816,11;;
;06 Сентябрь 2015 г.;817,30;81,730;1817,30;;
;07 Сентябрь 2015 г.;818,48;81,848;1818,48;;
;08 Сентябрь 2015 г.;819,66;81,966;1819,66;;
;09 Сентябрь 2015 г.;820,84;82,084;1820,84;;
;10 Сентябрь 2015 г.;822,03;82,203;1822,03;;
;11 Сентябрь 2015 г.;823,21;82,321;1823,21;;
;12 Сентябрь 2015 г.;824,40;82,440;1824,40;;
;13 Сентябрь 2015 г.;825,58;82,558;1825,58;;
;14 Сентябрь 2015 г.;826,77;82,677;1826,77;;
;15 Сентябрь 2015 г.;827,96;82,796;1827,96;;
;16 Сентябрь 2015 г.;829,15;82,915;1829,15;;
;17 Сентябрь 2015 г.;830,34;83,034;1830,34;;
;18 Сентябрь 2015 г.;831,53;83,153;1831,53;;
;19 Сентябрь 2015 г.;832,72;83,272;1832,72;;
;20 Сентябрь 2015 г.;833,91;83,391;1833,91;;
;21 Сентябрь 2015 г.;835,10;83,510;1835,10;;
;22 Сентябрь 2015 г.;836,29;83,629;1836,29;;
;23 Сентябрь 2015 г.;837,49;83,749;1837,49;;
;24 Сентябрь 2015 г.;838,68;83,868;1838,68;;
;25 Сентябрь 2015 г.;839,88;83,988;1839,88;;
;26 Сентябрь 2015 г.;841,07;84,107;1841,07;;
;27 Сентябрь 2015 г.;842,27;84,227;1842,27;;
;28 Сентябрь 2015 г.;843,47;84,347;1843,47;;
;29 Сентябрь 2015 г.;844,67;84,467;1844,67;;
;30 Сентябрь 2015 г.;845,87;84,587;1845,87;;
;01 Октябрь 2015 г.;847,07;84,707;1847,07;;
;02 Октябрь 2015 г.;848,27;84,827;1848,27;;
;03 Октябрь 2015 г.;849,47;84,947;1849,47;;
;04 Октябрь 2015 г.;850,67;85,067;1850,67;;
;05 Октябрь 2015 г.;851,88;85,188;1851,88;;
;06 Октябрь 2015 г.;853,08;85,308;1853,08;;
;07 Октябрь 2015 г.;854,29;85,429;1854,29;;
;08 Октябрь 2015 г.;855,49;85,549;1855,49;;
;09 Октябрь 2015 г.;856,70;85,670;1856,70;;
;10 Октябрь 2015 г.;857,90;85,790;1857,90;;
;11 Октябрь 2015 г.;859,11;85,911;1859,11;;
;12 Октябрь 2015 г.;860,32;86,032;1860,32;;
;13 Октябрь 2015 г.;861,53;86,153;1861,53;;
;14 Октябрь 2015 г.;862,74;86,274;1862,74;;
;15 Октябрь 2015 г.;863,95;86,395;1863,95;;
;16 Октябрь 2015 г.;865,16;86,516;1865,16;;
;17 Октябрь 2015 г.;866,38;86,638;1866,38;;
;18 Октябрь 2015 г.;867,59;86,759;1867,59;;
;19 Октябрь 2015 г.;868,81;86,881;1868,81;;
;20 Октябрь 2015 г.;870,02;87,002;1870,02;;
;21 Октябрь 2015 г.;871,24;87,124;1871,24;;
;22 Октябрь 2015 г.;872,45;87,245;1872,45;;
;23 Октябрь 2015 г.;873,67;87,367;1873,67;;
;24 Октябрь 2015 г.;874,89;87,489;1874,89;;
;25 Октябрь 2015 г.;876,11;87,611;1876,11;;
;26 Октябрь 2015 г.;877,33;87,733;1877,33;;
;27 Октябрь 2015 г.;878,55;87,855;1878,55;;
;28 Октябрь 2015 г.;879,77;87,977;1879,77;;
;29 Октябрь 2015 г.;880,99;88,099;1880,99;;
;30 Октябрь 2015 г.;882,22;88,222;1882,22;;
;31 Октябрь 2015 г.;883,44;88,344;1883,44;;
;01 Ноябрь 2015 г.;884,66;88,466;1884,66;;
;02 Ноябрь 2015 г.;885,89;88,589;1885,89;;
;03 Ноябрь 2015 г.;887,12;88,712;1887,12;;
;04 Ноябрь 2015 г.;888,34;88,834;1888,34;;
;05 Ноябрь 2015 г.;889,57;88,957;1889,57;;
;06 Ноябрь 2015 г.;890,80;89,080;1890,80;;
;07 Ноябрь 2015 г.;892,03;89,203;1892,03;;
;08 Ноябрь 2015 г.;893,26;89,326;1893,26;;
;09 Ноябрь 2015 г.;894,49;89,449;1894,49;;
;10 Ноябрь 2015 г.;895,72;89,572;1895,72;;
;11 Ноябрь 2015 г.;896,95;89,695;1896,95;;
;12 Ноябрь 2015 г.;898,19;89,819;1898,19;;
;13 Ноябрь 2015 г.;899,42;89,942;1899,42;;
;14 Ноябрь 2015 г.;900,66;90,066;1900,66;;
;15 Ноябрь 2015 г.;901,89;90,189;1901,89;;
;16 Ноябрь 2015 г.;903,13;90,313;1903,13;;
;17 Ноябрь 2015 г.;904,37;90,437;1904,37;;
;18 Ноябрь 2015 г.;905,60;90,560;1905,60;;
;19 Ноябрь 2015 г.;906,84;90,684;1906,84;;
;20 Ноябрь 2015 г.;908,08;90,808;1908,08;;
;21 Ноябрь 2015 г.;909,32;90,932;1909,32;;
;22 Ноябрь 2015 г.;910,57;91,057;1910,57;;
;23 Ноябрь 2015 г.;911,81;91,181;1911,81;;
;24 Ноябрь 2015 г.;913,05;91,305;1913,05;;
;25 Ноябрь 2015 г.;914,30;91,430;1914,30;;
;26 Ноябрь 2015 г.;915,54;91,554;1915,54;;
;27 Ноябрь 2015 г.;916,79;91,679;1916,79;;
;28 Ноябрь 2015 г.;918,03;91,803;1918,03;;
;29 Ноябрь 2015 г.;919,28;91,928;1919,28;;
;30 Ноябрь 2015 г.;920,53;92,053;1920,53;;
;01 Декабрь 2015 г.;921,78;92,178;1921,78;;
;02 Декабрь 2015 г.;923,02;92,302;1923,02;;
;03 Декабрь 2015 г.;924,28;92,428;1924,28;;
;04 Декабрь 2015 г.;925,53;92,553;1925,53;;
;05 Декабрь 2015 г.;926,78;92,678;1926,78;;
;06 Декабрь 2015 г.;928,03;92,803;1928,03;;
;07 Декабрь 2015 г.;929,28;92,928;1929,28;;
;08 Декабрь 2015 г.;930,54;93,054;1930,54;;
;09 Декабрь 2015 г.;931,79;93,179;1931,79;;
;10 Декабрь 2015 г.;933,05;93,305;1933,05;;
;11 Декабрь 2015 г.;934,31;93,431;1934,31;;
;12 Декабрь 2015 г.;935,57;93,557;1935,57;;
;13 Декабрь 2015 г.;936,82;93,682;1936,82;;
;14 Декабрь 2015 г.;938,08;93,808;1938,08;;
;15 Декабрь 2015 г.;939,34;93,934;1939,34;;
;16 Декабрь 2015 г.;940,60;94,060;1940,60;;
;17 Декабрь 2015 г.;941,87;94,187;1941,87;;
;18 Декабрь 2015 г.;943,13;94,313;1943,13;;
;19 Декабрь 2015 г.;944,39;94,439;1944,39;;
;20 Декабрь 2015 г.;945,66;94,566;1945,66;;
;21 Декабрь 2015 г.;946,92;94,692;1946,92;;
;22 Декабрь 2015 г.;948,19;94,819;1948,19;;
;23 Декабрь 2015 г.;949,45;94,945;1949,45;;
;24 Декабрь 2015 г.;950,72;95,072;1950,72;;
;25 Декабрь 2015 г.;951,99;95,199;1951,99;;
;26 Декабрь 2015 г.;953,26;95,326;1953,26;;
;27 Декабрь 2015 г.;954,53;95,453;1954,53;;
;28 Декабрь 2015 г.;955,80;95,580;1955,80;;
;29 Декабрь 2015 г.;957,07;95,707;1957,07;;
;30 Декабрь 2015 г.;958,34;95,834;1958,34;;
;31 Декабрь 2015 г.;959,62;95,962;1959,62;;
;01 Январь 2016 г.;960,89;96,089;1960,89;;
;02 Январь 2016 г.;962,17;96,217;1962,17;;
;03 Январь 2016 г.;963,44;96,344;1963,44;;
;04 Январь 2016 г.;964,72;96,472;1964,72;;
;05 Январь 2016 г.;966,00;96,600;1966,00;;
;06 Январь 2016 г.;967,28;96,728;1967,28;;
;07 Январь 2016 г.;968,55;96,855;1968,55;;
;08 Январь 2016 г.;969,83;96,983;1969,83;;
;09 Январь 2016 г.;971,12;97,112;1971,12;;
;10 Январь 2016 г.;972,40;97,240;1972,40;;
;11 Январь 2016 г.;973,68;97,368;1973,68;;
;12 Январь 2016 г.;974,96;97,496;1974,96;;
;13 Январь 2016 г.;976,25;97,625;1976,25;;
;14 Январь 2016 г.;977,53;97,753;1977,53;;
;15 Январь 2016 г.;978,82;97,882;1978,82;;
;16 Январь 2016 г.;980,10;98,010;1980,10;;
;17 Январь 2016 г.;981,39;98,139;1981,39;;
;18 Январь 2016 г.;982,68;98,268;1982,68;;
;19 Январь 2016 г.;983,97;98,397;1983,97;;
;20 Январь 2016 г.;985,26;98,526;1985,26;;
;21 Январь 2016 г.;986,55;98,655;1986,55;;
;22 Январь 2016 г.;987,84;98,784;1987,84;;
;23 Январь 2016 г.;989,13;98,913;1989,13;;
;24 Январь 2016 г.;990,43;99,043;1990,43;;
;25 Январь 2016 г.;991,72;99,172;1991,72;;
;26 Январь 2016 г.;993,02;99,302;1993,02;;
;27 Январь 2016 г.;994,31;99,431;1994,31;;
;28 Январь 2016 г.;995,61;99,561;1995,61;;
;29 Январь 2016 г.;996,91;99,691;1996,91;;
;30 Январь 2016 г.;998,21;99,821;1998,21;;
;31 Январь 2016 г.;999,50;99,950;1999,50;;
;"01 февраля 2016 г.";1000,80;100,080;2000,80;;
;"02 февраля 2016 г.";1002,11;100,211;2002,11;;
;"03 февраля 2016 г.";1003,41;100,341;2003,41;;
;"04 февраля 2016 г.";1004,71;100,471;2004,71;;
;"05 февраля 2016 г.";1006,01;100,601;2006,01;;
;"06 февраля 2016 г.";1007,32;100,732;2007,32;;
;"07 февраля 2016 г.";1008,62;100,862;2008,62;;
;"08 февраля 2016 г.";1009,93;100,993;2009,93;;
;"09 февраля 2016 г.";1011,24;101,124;2011,24;;
;"10 февраля 2016 г.";1012,54;101,254;2012,54;;
;"11 февраля 2016 г.";1013,85;101,385;2013,85;;
;"12 февраля 2016 г.";1015,16;101,516;2015,16;;
;"13 февраля 2016 г.";1016,47;101,647;2016,47;;
;"14 февраля 2016 г.";1017,78;101,778;2017,78;;
;"15 февраля 2016 г.";1019,09;101,909;2019,09;;
;"16 февраля 2016 г.";1020,41;102,041;2020,41;;
;"17 февраля 2016 г.";1021,72;102,172;2021,72;;
;"18 февраля 2016 г.";1023,04;102,304;2023,04;;
;"19 февраля 2016 г.";1024,35;102,435;2024,35;;
;"20 февраля 2016 г.";1025,67;102,567;2025,67;;
;"21 февраля 2016 г.";1026,98;102,698;2026,98;;
;"22 февраля 2016 г.";1028,30;102,830;2028,30;;
;"23 февраля 2016 г.";1029,62;102,962;2029,62;;
;"24 февраля 2016 г.";1030,94;103,094;2030,94;;
;"25 февраля 2016 г.";1032,26;103,226;2032,26;;
;"26 февраля 2016 г.";1033,58;103,358;2033,58;;
;"27 февраля 2016 г.";1034,91;103,491;2034,91;;
;"28 февраля 2016 г.";1036,23;103,623;2036,23;;
;01 Март 2016 г.;1037,55;103,755;2037,55;"Три года";34,58%
