-- MySQL dump 10.13  Distrib 5.1.68, for unknown-linux-gnu (x86_64)
--
-- Host: localhost    Database: webfin_base
-- ------------------------------------------------------
-- Server version	5.1.68-cll

/*!40101 SET @OLD_CHARACTER_SET_CLIENT=@@CHARACTER_SET_CLIENT */;
/*!40101 SET @OLD_CHARACTER_SET_RESULTS=@@CHARACTER_SET_RESULTS */;
/*!40101 SET @OLD_COLLATION_CONNECTION=@@COLLATION_CONNECTION */;
/*!40101 SET NAMES utf8 */;
/*!40103 SET @OLD_TIME_ZONE=@@TIME_ZONE */;
/*!40103 SET TIME_ZONE='+00:00' */;
/*!40014 SET @OLD_UNIQUE_CHECKS=@@UNIQUE_CHECKS, UNIQUE_CHECKS=0 */;
/*!40014 SET @OLD_FOREIGN_KEY_CHECKS=@@FOREIGN_KEY_CHECKS, FOREIGN_KEY_CHECKS=0 */;
/*!40101 SET @OLD_SQL_MODE=@@SQL_MODE, SQL_MODE='NO_AUTO_VALUE_ON_ZERO' */;
/*!40111 SET @OLD_SQL_NOTES=@@SQL_NOTES, SQL_NOTES=0 */;

--
-- Table structure for table `address`
--

DROP TABLE IF EXISTS `address`;
/*!40101 SET @saved_cs_client     = @@character_set_client */;
/*!40101 SET character_set_client = utf8 */;
CREATE TABLE `address` (
  `id` int(11) NOT NULL AUTO_INCREMENT,
  `id_user` int(11) NOT NULL,
  `state` int(11) NOT NULL,
  `index` text CHARACTER SET utf8,
  `town` text CHARACTER SET utf8,
  `street` text CHARACTER SET utf8,
  `house` text CHARACTER SET utf8,
  `kc` text CHARACTER SET utf8,
  `flat` text CHARACTER SET utf8,
  PRIMARY KEY (`id`)
) ENGINE=MyISAM AUTO_INCREMENT=93 DEFAULT CHARSET=latin1;
/*!40101 SET character_set_client = @saved_cs_client */;

--
-- Dumping data for table `address`
--

LOCK TABLES `address` WRITE;
/*!40000 ALTER TABLE `address` DISABLE KEYS */;
INSERT INTO `address` (`id`, `id_user`, `state`, `index`, `town`, `street`, `house`, `kc`, `flat`) VALUES (47,22,1,'G0v9nbU011rPVpB7','kwW3+mEWDYkrBmvC','a/jTYpoZDJJvI4iJLDfcrqZYz2ssE98JJ1ZLbA==','2+Gy3hxkECS231+/6OBrRw==','3ocx593TDoBD0+YK7Az9RvsijNBV5C3k','n0ZW6434yK0='),(46,21,2,'1K9Sdafjghc=','SxCVriYO5skkGeML','9+FsBzbBEdBMaweK8MJUoA==','+00i0Cs0NHo1FyuK0PIiPg==','1SZG2wrk2dLw2kWQg1MewzY3O9Q=','+qUqyGfp5CqykUAwj94Ffw=='),(45,21,1,'1K9Sdafjghc=','SxCVriYO5skkGeML','9+FsBzbBEdBMaweK8MJUoA==','+00i0Cs0NHo1FyuK0PIiPg==','1SZG2wrk2dLw2kWQg1MewzY3O9Q=','+qUqyGfp5CqykUAwj94Ffw=='),(4,2,1,'rIDYBt3YHfU=','ZFtdjPiMZEaA+NgorxaWV8oBTHE=','DpyPZLGahPz4WZQH7T4XPA==','Sk18owLzgxU=','Mod1Gmp3z/gl0NQvob9hTjrES+g=','Sk18owLzgxU='),(5,2,2,'DetUbVY+KTA=','Mod1Gmp3z/gl0NQvob9hTjrES+g=','9egQBjZJs2wq+aWjITBAZHgTCh1SK09X','PXmGPkpae1s=','Mod1Gmp3z/gl0NQvob9hTjrES+g=','Q+5j3IqYGU0='),(6,2,3,'vpjCdVN9ONHUOznd','Mod1Gmp3z/gl0NQvob9hTjrES+g=','Mod1Gmp3z/gl0NQvob9hTjrES+g=','p7zAAaj2XwM=','owrOSVOKvn4tY+hd','r4EZbAU94OY='),(7,3,1,'rIDYBt3YHfU=','ZFtdjPiMZEaA+NgorxaWV8oBTHE=','DpyPZLGahPz4WZQH7T4XPA==','Sk18owLzgxU=','Mod1Gmp3z/gl0NQvob9hTjrES+g=','Sk18owLzgxU='),(8,3,2,'DetUbVY+KTA=','Mod1Gmp3z/gl0NQvob9hTjrES+g=','9egQBjZJs2wq+aWjITBAZHgTCh1SK09X','PXmGPkpae1s=','Mod1Gmp3z/gl0NQvob9hTjrES+g=','Q+5j3IqYGU0='),(9,3,3,'vpjCdVN9ONHUOznd','Mod1Gmp3z/gl0NQvob9hTjrES+g=','Mod1Gmp3z/gl0NQvob9hTjrES+g=','p7zAAaj2XwM=','owrOSVOKvn4tY+hd','r4EZbAU94OY='),(44,20,2,'Sz++u1KuM/sKWnf0','G97RaG9DtSByi6/LncnvQg==','FqwEGCbnFsmhV/rm','hJeAPHq3cOcCY/p8','ZSKNl2Rm55VcG08j','2YfM1EgvrmwaEkVb'),(43,20,1,'Sz++u1KuM/sKWnf0','G97RaG9DtSByi6/LncnvQg==','FqwEGCbnFsmhV/rm','hJeAPHq3cOcCY/p8','ZSKNl2Rm55VcG08j','2YfM1EgvrmwaEkVb'),(37,16,1,'Sz++u1KuM/sKWnf0','G97RaG9DtSByi6/LncnvQg==','FqwEGCbnFsmhV/rm','hJeAPHq3cOcCY/p8','ZSKNl2Rm55VcG08j','TPzL/42NnuY='),(38,16,2,'Sz++u1KuM/sKWnf0','G97RaG9DtSByi6/LncnvQg==','FqwEGCbnFsmhV/rm','hJeAPHq3cOcCY/p8','ZSKNl2Rm55VcG08j','TPzL/42NnuY='),(39,18,1,'Sz++u1KuM/sKWnf0','G97RaG9DtSByi6/LncnvQg==','FqwEGCbnFsmhV/rm','pjuHKUc3STUmuIhK','EvC3vi0eOdTROJiK','2YfM1EgvrmwaEkVb'),(40,18,2,'Sz++u1KuM/sKWnf0','G97RaG9DtSByi6/LncnvQg==','FqwEGCbnFsmhV/rm','pjuHKUc3STUmuIhK','EvC3vi0eOdTROJiK','2YfM1EgvrmwaEkVb'),(41,19,1,'UDFLyn8DkPlqs54i','eaqO0xOkwL2ZH96q8LU+Tg==','p13W3udRkz80jM2+nOXHb0ubQHl9UG9JYbHI6L/i6FQ=','zYPfYt2oMB4=','wrMeNEOtw+s=','doX/UNCSMuU='),(42,19,2,'UDFLyn8DkPlqs54i','eaqO0xOkwL2ZH96q8LU+Tg==','p13W3udRkz80jM2+nOXHb0ubQHl9UG9JYbHI6L/i6FQ=','zYPfYt2oMB4=','wrMeNEOtw+s=','doX/UNCSMuU='),(48,22,2,'G0v9nbU011rPVpB7','kwW3+mEWDYkrBmvC','a/jTYpoZDJJvI4iJLDfcrqZYz2ssE98JJ1ZLbA==','2+Gy3hxkECS231+/6OBrRw==','3ocx593TDoBD0+YK7Az9RvsijNBV5C3k','n0ZW6434yK0='),(49,23,1,'anqyfeVCQvglOvZP','enQL9mlRwR0iTrh9qITKYA==','DZ5NtEnf9Vxi8KEAG0HgRA==','5TRZRaO+83Q=','wrMeNEOtw+s=','zNCfMW4u3nQ='),(50,23,2,'anqyfeVCQvglOvZP','enQL9mlRwR0iTrh9qITKYA==','DZ5NtEnf9Vxi8KEAG0HgRA==','5TRZRaO+83Q=','wrMeNEOtw+s=','zNCfMW4u3nQ='),(51,24,1,'Gs90tOUZOMdsYb14','wKEXfx8wqhUaeV88','+NjdIDX0dtM6xrTaNBH5WQ==','maEj/jK803hFqWqq','Sk18owLzgxU=','srvWmKQVDLY='),(52,24,2,'Gs90tOUZOMdsYb14','wKEXfx8wqhUaeV88','+NjdIDX0dtM6xrTaNBH5WQ==','maEj/jK803hFqWqq','Sk18owLzgxU=','srvWmKQVDLY='),(53,25,1,'','','','','',''),(54,25,2,'','','','','',''),(55,26,1,'','','','','',''),(56,26,2,'','','','','',''),(57,27,1,'','','','','',''),(58,27,2,'','','','','',''),(59,28,1,'','','','','',''),(60,28,2,'','','','','',''),(61,29,1,'','','','','',''),(62,29,2,'','','','','',''),(63,30,1,'','','','','',''),(64,30,2,'','','','','',''),(65,31,1,'','','','','',''),(66,31,2,'','','','','',''),(67,32,1,'','','','','',''),(68,32,2,'','','','','',''),(69,33,1,'N8awS0f/b/ZNDjbv','plLJf0nShUV8ZH5t','HtFcgmBhtpFjoXGz','5TRZRaO+83Q=','zNCfMW4u3nQ=','2FTA87SEq00='),(70,33,2,'2oWPVYMSXWM2UeIr','0iryuaJ/hQCotZDk','YeMRA407JwPliWD+','zNCfMW4u3nQ=','wrMeNEOtw+s=','Sk18owLzgxU='),(71,34,1,'','','','','',''),(72,34,2,'','','','','',''),(73,35,1,'UcE1iOhUIppoGaU7','x55tUJe9IZY=','x55tUJe9IZY=','x55tUJe9IZY=','x55tUJe9IZY=','x55tUJe9IZY='),(74,35,2,'UcE1iOhUIppoGaU7','x55tUJe9IZY=','x55tUJe9IZY=','x55tUJe9IZY=','x55tUJe9IZY=','x55tUJe9IZY='),(75,36,1,'','','','','',''),(76,36,2,'','','','','',''),(77,37,1,'','','','','',''),(78,37,2,'','','','','',''),(79,38,1,'','','','','',''),(80,38,2,'','','','','',''),(81,39,1,'','','','','',''),(82,39,2,'','','','','',''),(83,40,1,'','','','','',''),(84,40,2,'','','','','',''),(85,41,1,'','','','','',''),(86,41,2,'','','','','',''),(87,42,1,'','','','','',''),(88,42,2,'','','','','',''),(89,43,1,'','','','','',''),(90,43,2,'','','','','',''),(91,44,2,'','','','','',''),(92,44,1,'','','','','','');
/*!40000 ALTER TABLE `address` ENABLE KEYS */;
UNLOCK TABLES;

--
-- Table structure for table `admin`
--

DROP TABLE IF EXISTS `admin`;
/*!40101 SET @saved_cs_client     = @@character_set_client */;
/*!40101 SET character_set_client = utf8 */;
CREATE TABLE `admin` (
  `id_user` int(11) NOT NULL AUTO_INCREMENT,
  `login` varchar(100) CHARACTER SET utf8 NOT NULL,
  `password` varchar(100) CHARACTER SET utf8 NOT NULL,
  PRIMARY KEY (`id_user`)
) ENGINE=MyISAM AUTO_INCREMENT=46774 DEFAULT CHARSET=latin1;
/*!40101 SET character_set_client = @saved_cs_client */;

--
-- Dumping data for table `admin`
--

LOCK TABLES `admin` WRITE;
/*!40000 ALTER TABLE `admin` DISABLE KEYS */;
INSERT INTO `admin` (`id_user`, `login`, `password`) VALUES (46773,'admin','21232f297a57a5a743894a0e4a801fc3');
/*!40000 ALTER TABLE `admin` ENABLE KEYS */;
UNLOCK TABLES;

--
-- Table structure for table `banner`
--

DROP TABLE IF EXISTS `banner`;
/*!40101 SET @saved_cs_client     = @@character_set_client */;
/*!40101 SET character_set_client = utf8 */;
CREATE TABLE `banner` (
  `id` int(11) NOT NULL AUTO_INCREMENT,
  `title` varchar(100) CHARACTER SET utf8 NOT NULL,
  `text` text CHARACTER SET utf8 NOT NULL,
  `url` varchar(150) CHARACTER SET utf8 NOT NULL,
  `button` varchar(30) CHARACTER SET utf8 NOT NULL,
  `foto` text CHARACTER SET utf8 NOT NULL,
  `section` int(11) NOT NULL,
  PRIMARY KEY (`id`)
) ENGINE=MyISAM AUTO_INCREMENT=11 DEFAULT CHARSET=latin1;
/*!40101 SET character_set_client = @saved_cs_client */;

--
-- Dumping data for table `banner`
--

LOCK TABLES `banner` WRITE;
/*!40000 ALTER TABLE `banner` DISABLE KEYS */;
INSERT INTO `banner` (`id`, `title`, `text`, `url`, `button`, `foto`, `section`) VALUES (2,'Зарабатывай с нами!','Повышайте свой доход, помогая другим решить финансовые проблемы. ВЕБТРАНСФЕР ФИНАНС– быстрый и удобный способ получить кредит. Партнерская программа – выгодные условия сотрудничества для веб-сайтов, интернет-магазинов, торговых сетей, частных лиц, MLM-компаний.','/page/partnership/register-partner','Стать партнером','img3.png',0),(4,'Инвестиции в микрокредиты','Стань инвестором, не отходя от монитора! Преумножайте свой капитал, отслеживая вклады и проценты в режиме реального времени. Максимально прозрачная система, хорошие проценты и бонусы для лояльных инвесторов. ','/page/vlojit-dengi/register-investment','Вложить деньги','img2.png',26),(5,'Ваш доверенный партнер','ВЕБТРАНСФЕР ФИНАНС – член группы компаний UnifiedWebtransfer. Платежная система Вебтрансфер более 7 лет работает на российском рынке. Надежно, выгодно, проверено временем. Самые эффективные решения для индивидуальных лиц и предпринимателей.','/page/about-company','О Компании','img4(1).png',12),(8,'Кредит за час!','Срочно нужны деньги? Получите два кредита одновременно с минимальными процентными ставками. Без залога. Без поручительства. С фиксированной суммой и возможностью досрочного погашения. Приятные бонусы и специальные условия для постоянных клиентов!','/page/vzyat-kredit/register','Оформить кредит','img1.png',25);
/*!40000 ALTER TABLE `banner` ENABLE KEYS */;
UNLOCK TABLES;

--
-- Table structure for table `chanche_users`
--

DROP TABLE IF EXISTS `chanche_users`;
/*!40101 SET @saved_cs_client     = @@character_set_client */;
/*!40101 SET character_set_client = utf8 */;
CREATE TABLE `chanche_users` (
  `id_user` int(11) NOT NULL,
  `user_pass` text NOT NULL,
  `name` text NOT NULL,
  `sername` text NOT NULL,
  `patronymic` text NOT NULL,
  `phone` text,
  `sex` text NOT NULL,
  `born` text NOT NULL,
  `place` text NOT NULL,
  `family_state` text NOT NULL,
  `pasport_seria` text NOT NULL,
  `pasport_number` text NOT NULL,
  `pasport_date` text NOT NULL,
  `pasport_kpd` text NOT NULL,
  `pasport_kvn` text NOT NULL,
  `pasport_born` text NOT NULL,
  `work_name` text,
  `work_phone` text,
  `work_place` text,
  `work_who` text,
  `work_time` text,
  `work_money` text,
  `rindex` text NOT NULL,
  `rtown` text NOT NULL,
  `rstreet` text NOT NULL,
  `rhouse` text NOT NULL,
  `rkc` text NOT NULL,
  `rflat` text NOT NULL,
  `findex` text NOT NULL,
  `ftown` text NOT NULL,
  `fstreet` text NOT NULL,
  `fhouse` text NOT NULL,
  `fkc` text NOT NULL,
  `fflat` text NOT NULL,
  `date` timestamp NOT NULL DEFAULT CURRENT_TIMESTAMP
) ENGINE=MyISAM DEFAULT CHARSET=utf8;
/*!40101 SET character_set_client = @saved_cs_client */;

--
-- Dumping data for table `chanche_users`
--

LOCK TABLES `chanche_users` WRITE;
/*!40000 ALTER TABLE `chanche_users` DISABLE KEYS */;
INSERT INTO `chanche_users` (`id_user`, `user_pass`, `name`, `sername`, `patronymic`, `phone`, `sex`, `born`, `place`, `family_state`, `pasport_seria`, `pasport_number`, `pasport_date`, `pasport_kpd`, `pasport_kvn`, `pasport_born`, `work_name`, `work_phone`, `work_place`, `work_who`, `work_time`, `work_money`, `rindex`, `rtown`, `rstreet`, `rhouse`, `rkc`, `rflat`, `findex`, `ftown`, `fstreet`, `fhouse`, `fkc`, `fflat`, `date`) VALUES (2,'','1By9oo55629gHE0E','GeXi1FEVZa2jrsHnyEFwpg==','Fu7aQmNUzUwloqYlqHSwGWxuqec=','sidVsQdXNU7xZTojqgdrGw==','wrMeNEOtw+s=','','wrMeNEOtw+s=','zNCfMW4u3nQ=','gGXHMSgavqU=','L1vUgxJH66B6DfXu','fK6hsu4LU72pq5VCsysBeg==','bHlc+4LwPUCHB7sW','Mod1Gmp3z/gl0NQvob9hTjrES+g=','XgGarWZd4J2QxScdfbDlWejqw6Ui9zb8','VsoZhNC1kiduJ3l+','z41qI+NYTATF/kWl','Mod1Gmp3z/gl0NQvob9hTjrES+g=','b7BPDeoIGPopFbGJ','Sk18owLzgxU=','3X0PEWjNta4=','rIDYBt3YHfU=','ZFtdjPiMZEaA+NgorxaWV8oBTHE=','DpyPZLGahPz4WZQH7T4XPA==','Sk18owLzgxU=','Mod1Gmp3z/gl0NQvob9hTjrES+g=','Sk18owLzgxU=','DetUbVY+KTA=','Mod1Gmp3z/gl0NQvob9hTjrES+g=','9egQBjZJs2wq+aWjITBAZHgTCh1SK09X','PXmGPkpae1s=','Mod1Gmp3z/gl0NQvob9hTjrES+g=','Q+5j3IqYGU0=','2013-05-14 06:24:44');
/*!40000 ALTER TABLE `chanche_users` ENABLE KEYS */;
UNLOCK TABLES;

--
-- Table structure for table `contribution`
--

DROP TABLE IF EXISTS `contribution`;
/*!40101 SET @saved_cs_client     = @@character_set_client */;
/*!40101 SET character_set_client = utf8 */;
CREATE TABLE `contribution` (
  `id` int(11) NOT NULL AUTO_INCREMENT,
  `title` varchar(50) CHARACTER SET utf8 NOT NULL,
  `percent` decimal(11,2) NOT NULL,
  `month` int(11) NOT NULL,
  `bonus` int(11) NOT NULL,
  `charge` int(11) NOT NULL DEFAULT '1',
  PRIMARY KEY (`id`)
) ENGINE=MyISAM AUTO_INCREMENT=9 DEFAULT CHARSET=latin1;
/*!40101 SET character_set_client = @saved_cs_client */;

--
-- Dumping data for table `contribution`
--

LOCK TABLES `contribution` WRITE;
/*!40000 ALTER TABLE `contribution` DISABLE KEYS */;
INSERT INTO `contribution` (`id`, `title`, `percent`, `month`, `bonus`, `charge`) VALUES (1,'Квартал','14.00',3,0,1),(2,'Квартал Плюс','16.00',3,0,2),(3,'Полгода','18.00',6,0,1),(4,'Полгода Плюс','20.00',6,0,2),(5,'Годовой','22.00',12,0,1),(6,'Годовой Плюс','24.00',12,0,2),(7,'Полтора года','30.00',18,0,2),(8,'Два года','36.00',24,0,2);
/*!40000 ALTER TABLE `contribution` ENABLE KEYS */;
UNLOCK TABLES;

--
-- Table structure for table `credit_state`
--

DROP TABLE IF EXISTS `credit_state`;
/*!40101 SET @saved_cs_client     = @@character_set_client */;
/*!40101 SET character_set_client = utf8 */;
CREATE TABLE `credit_state` (
  `id` int(11) NOT NULL AUTO_INCREMENT,
  `id_credit` int(11) NOT NULL,
  `state` int(11) NOT NULL,
  `date` timestamp NOT NULL DEFAULT CURRENT_TIMESTAMP,
  `performer` text CHARACTER SET utf8,
  `note` text CHARACTER SET utf8,
  `cause` text CHARACTER SET utf8,
  PRIMARY KEY (`id`)
) ENGINE=MyISAM AUTO_INCREMENT=63 DEFAULT CHARSET=latin1;
/*!40101 SET character_set_client = @saved_cs_client */;

--
-- Dumping data for table `credit_state`
--

LOCK TABLES `credit_state` WRITE;
/*!40000 ALTER TABLE `credit_state` DISABLE KEYS */;
INSERT INTO `credit_state` (`id`, `id_credit`, `state`, `date`, `performer`, `note`, `cause`) VALUES (32,1,3,'2012-11-14 16:03:59','Антон','Все опять  в порядке','0'),(31,1,3,'2012-11-14 16:00:37','паап','папа','0'),(30,1,3,'2012-11-14 16:00:29','паап','папа','0'),(29,1,3,'2012-11-14 15:50:05','Антон','Все  норм','0'),(28,1,3,'2012-11-14 15:37:58','Антон','все  норм','0'),(27,1,4,'2012-11-13 18:53:42','sssss','ssss','dddd'),(26,1,2,'2012-11-13 17:42:00','wew1','ew2','0'),(25,1,2,'2012-11-13 17:41:57','wew1','ew','0'),(24,1,2,'2012-11-13 17:35:52','wew','ew','0'),(23,1,1,'2012-11-13 17:35:38','0','0','0'),(22,1,2,'2012-11-13 17:30:26','wew','ew','0'),(21,1,1,'2012-11-13 17:30:16','0','0','0'),(33,3,1,'2012-11-19 17:03:23',NULL,NULL,NULL),(34,3,2,'2012-11-20 16:42:34','Антон','все  нормально','0'),(35,3,3,'2012-11-20 16:43:22','Антон  Винник','лидлил','0'),(36,1,1,'2012-11-22 11:04:12','0','0','0'),(37,4,1,'2012-11-22 17:38:52',NULL,NULL,NULL),(38,5,1,'2012-11-22 17:39:45',NULL,NULL,NULL),(39,6,1,'2012-11-22 19:19:12',NULL,NULL,NULL),(40,7,1,'2012-11-22 19:34:53',NULL,NULL,NULL),(41,8,1,'2012-11-22 19:35:02',NULL,NULL,NULL),(42,9,1,'2012-11-23 14:48:42',NULL,NULL,NULL),(43,5,3,'2012-11-28 16:00:46','gh','hggh','0'),(52,14,2,'2013-05-02 21:56:13','anna','tyyryr','0'),(45,11,1,'2013-03-02 20:56:03',NULL,NULL,NULL),(46,12,1,'2013-03-23 07:09:02',NULL,NULL,NULL),(47,13,1,'2013-04-05 04:09:41',NULL,NULL,NULL),(48,14,1,'2013-04-29 14:19:57',NULL,NULL,NULL),(49,15,1,'2013-05-02 07:18:19',NULL,NULL,NULL),(50,16,1,'2013-05-02 07:25:10',NULL,NULL,NULL),(51,17,1,'2013-05-02 11:39:02',NULL,NULL,NULL),(53,18,1,'2013-05-11 04:09:23',NULL,NULL,NULL),(54,19,1,'2013-05-11 04:10:16',NULL,NULL,NULL),(55,20,1,'2013-05-11 04:10:32',NULL,NULL,NULL),(56,21,1,'2013-05-11 04:10:39',NULL,NULL,NULL),(57,22,1,'2013-05-11 04:10:44',NULL,NULL,NULL),(58,23,1,'2013-05-11 04:10:53',NULL,NULL,NULL),(59,24,1,'2013-05-11 12:40:11',NULL,NULL,NULL),(60,25,1,'2013-05-14 05:10:11',NULL,NULL,NULL),(61,25,2,'2013-05-14 05:11:51','123','123','0'),(62,26,1,'2013-05-14 06:25:02',NULL,NULL,NULL);
/*!40000 ALTER TABLE `credit_state` ENABLE KEYS */;
UNLOCK TABLES;

--
-- Table structure for table `credits`
--

DROP TABLE IF EXISTS `credits`;
/*!40101 SET @saved_cs_client     = @@character_set_client */;
/*!40101 SET character_set_client = utf8 */;
CREATE TABLE `credits` (
  `id` int(11) NOT NULL AUTO_INCREMENT,
  `id_user` int(11) NOT NULL,
  `kontract` int(11) DEFAULT NULL,
  `summa` int(11) NOT NULL,
  `income` float NOT NULL,
  `time` int(11) NOT NULL,
  `out_time` date DEFAULT NULL,
  `date` timestamp NULL DEFAULT CURRENT_TIMESTAMP,
  `out_summ` float NOT NULL,
  `date_kontract` date DEFAULT NULL,
  `percent` int(11) NOT NULL,
  `state` int(11) NOT NULL DEFAULT '1',
  PRIMARY KEY (`id`),
  UNIQUE KEY `kontract` (`kontract`)
) ENGINE=MyISAM AUTO_INCREMENT=27 DEFAULT CHARSET=latin1;
/*!40101 SET character_set_client = @saved_cs_client */;

--
-- Dumping data for table `credits`
--

LOCK TABLES `credits` WRITE;
/*!40000 ALTER TABLE `credits` DISABLE KEYS */;
INSERT INTO `credits` (`id`, `id_user`, `kontract`, `summa`, `income`, `time`, `out_time`, `date`, `out_summ`, `date_kontract`, `percent`, `state`) VALUES (1,2,2147483647,24005,14403,10,'2012-11-24','2012-12-11 20:00:00',38408,'2012-11-14',6,1),(2,17,NULL,10000,2000,10,NULL,'2012-11-19 17:02:20',12000,NULL,2,1),(3,18,987687,10000,2000,10,'2012-11-27','2012-11-19 17:03:23',12000,'2012-11-17',2,3),(4,23,NULL,10000,2000,10,NULL,'2012-11-22 17:38:52',12000,NULL,2,1),(5,24,23432424,10000,2000,10,'2012-12-22','2012-11-22 17:39:45',12000,'2012-12-12',2,3),(6,21,NULL,20000,14000,35,NULL,'2012-11-22 19:19:12',34000,NULL,2,1),(7,21,NULL,1000,20,1,NULL,'2012-11-22 19:34:53',1020,NULL,2,1),(8,21,NULL,16000,8320,26,NULL,'2012-11-22 19:35:02',24320,NULL,2,1),(9,25,NULL,14000,4480,16,NULL,'2012-11-23 14:48:42',18480,NULL,2,1),(18,42,NULL,5000,2250,30,NULL,'2013-05-11 04:09:23',7250,NULL,2,1),(11,28,NULL,10000,2000,10,NULL,'2013-03-02 20:56:03',12000,NULL,2,1),(12,30,NULL,11000,4620,21,NULL,'2013-03-23 07:09:02',15620,NULL,2,1),(13,32,NULL,15000,3000,10,NULL,'2013-04-05 04:09:41',18000,NULL,2,1),(14,37,NULL,10000,6000,30,NULL,'2013-04-29 14:19:57',16000,NULL,2,2),(15,33,NULL,10000,1000,5,NULL,'2013-05-02 07:18:19',11000,NULL,2,1),(16,38,NULL,10000,2000,10,NULL,'2013-05-02 07:25:10',12000,NULL,2,1),(17,41,NULL,10000,1500,10,NULL,'2013-05-02 11:39:02',11500,NULL,2,1),(19,42,NULL,5000,2250,30,NULL,'2013-05-11 04:10:16',7250,NULL,2,1),(20,42,NULL,13000,5850,30,NULL,'2013-05-11 04:10:32',18850,NULL,2,1),(21,42,NULL,17000,7650,30,NULL,'2013-05-11 04:10:39',24650,NULL,2,1),(22,42,NULL,15000,6750,30,NULL,'2013-05-11 04:10:44',21750,NULL,2,1),(23,42,NULL,5000,2250,30,NULL,'2013-05-11 04:10:53',7250,NULL,2,1),(24,43,NULL,1000,150,10,NULL,'2013-05-11 12:40:11',1150,NULL,2,1),(25,3,NULL,10000,1500,10,NULL,'2013-05-14 05:10:11',11500,NULL,2,2),(26,44,NULL,10000,1500,10,NULL,'2013-05-14 06:25:02',11500,NULL,2,1);
/*!40000 ALTER TABLE `credits` ENABLE KEYS */;
UNLOCK TABLES;

--
-- Table structure for table `documents`
--

DROP TABLE IF EXISTS `documents`;
/*!40101 SET @saved_cs_client     = @@character_set_client */;
/*!40101 SET character_set_client = utf8 */;
CREATE TABLE `documents` (
  `id` int(11) NOT NULL AUTO_INCREMENT,
  `id_user` int(11) NOT NULL,
  `img` varchar(100) DEFAULT NULL,
  `state` int(1) NOT NULL DEFAULT '0',
  `num` int(11) NOT NULL,
  `img2` varchar(100) DEFAULT NULL,
  PRIMARY KEY (`id`)
) ENGINE=MyISAM AUTO_INCREMENT=104 DEFAULT CHARSET=utf8;
/*!40101 SET character_set_client = @saved_cs_client */;

--
-- Dumping data for table `documents`
--

LOCK TABLES `documents` WRITE;
/*!40000 ALTER TABLE `documents` DISABLE KEYS */;
INSERT INTO `documents` (`id`, `id_user`, `img`, `state`, `num`, `img2`) VALUES (25,2,'',0,3,''),(24,2,'293831-1366x768(1).jpg',2,2,'14705-1366x768(1).jpg'),(23,2,'248965-1366x768(1).jpg',0,1,''),(21,16,NULL,0,2,NULL),(22,16,NULL,0,3,NULL),(20,16,NULL,0,1,NULL),(26,19,NULL,0,1,NULL),(27,19,NULL,0,2,NULL),(28,19,NULL,0,3,NULL),(29,20,NULL,0,1,NULL),(30,20,NULL,0,2,NULL),(31,20,NULL,0,3,NULL),(32,21,NULL,0,1,NULL),(33,21,NULL,0,2,NULL),(34,21,NULL,0,3,NULL),(35,22,NULL,0,1,NULL),(36,22,NULL,0,2,NULL),(37,22,NULL,0,3,NULL),(38,23,'Движение инвестиций ВТ Финанс.png',1,1,NULL),(39,23,NULL,0,2,NULL),(40,23,NULL,0,3,NULL),(41,24,NULL,0,1,NULL),(42,24,NULL,0,2,NULL),(43,24,NULL,0,3,NULL),(44,25,NULL,0,1,NULL),(45,25,NULL,0,2,NULL),(46,25,NULL,0,3,NULL),(47,26,NULL,0,1,NULL),(48,26,NULL,0,2,NULL),(49,26,NULL,0,3,NULL),(50,27,NULL,0,1,NULL),(51,27,NULL,0,2,NULL),(52,27,NULL,0,3,NULL),(53,28,NULL,0,1,NULL),(54,28,NULL,0,2,NULL),(55,28,NULL,0,3,NULL),(56,29,'ПАСПОРТ2.jpg',1,1,NULL),(57,29,NULL,0,2,NULL),(58,29,NULL,0,3,NULL),(59,30,NULL,0,1,NULL),(60,30,NULL,0,2,NULL),(61,30,NULL,0,3,NULL),(62,31,NULL,0,1,NULL),(63,31,NULL,0,2,NULL),(64,31,NULL,0,3,NULL),(65,32,NULL,0,1,NULL),(66,32,NULL,0,2,NULL),(67,32,NULL,0,3,NULL),(68,33,'vlojitdengi.jpg',1,1,NULL),(69,33,'new2.jpg',1,2,NULL),(70,33,'Untitled-1.jpg',1,3,NULL),(71,34,NULL,0,1,NULL),(72,34,NULL,0,2,NULL),(73,34,NULL,0,3,NULL),(74,35,'60286_476610921564_268747221564_6769028_2244450_n.jpg',1,1,''),(75,35,'board-207.jpg',1,2,NULL),(76,35,'board-207a.jpg',2,3,NULL),(77,36,NULL,0,1,NULL),(78,36,NULL,0,2,NULL),(79,36,NULL,0,3,NULL),(80,37,NULL,0,1,NULL),(81,37,NULL,0,2,NULL),(82,37,NULL,0,3,NULL),(83,38,NULL,0,1,NULL),(84,38,NULL,0,2,NULL),(85,38,NULL,0,3,NULL),(86,39,NULL,0,1,NULL),(87,39,NULL,0,2,NULL),(88,39,NULL,0,3,NULL),(89,40,'Webtransfer LOGO.png',1,1,NULL),(90,40,NULL,0,2,NULL),(91,40,NULL,0,3,NULL),(92,41,NULL,0,1,NULL),(93,41,NULL,0,2,NULL),(94,41,NULL,0,3,NULL),(95,42,NULL,0,1,NULL),(96,42,NULL,0,2,NULL),(97,42,NULL,0,3,NULL),(98,43,NULL,0,1,NULL),(99,43,NULL,0,2,NULL),(100,43,NULL,0,3,NULL),(101,44,NULL,0,1,NULL),(102,44,NULL,0,2,NULL),(103,44,NULL,0,3,NULL);
/*!40000 ALTER TABLE `documents` ENABLE KEYS */;
UNLOCK TABLES;

--
-- Table structure for table `faq`
--

DROP TABLE IF EXISTS `faq`;
/*!40101 SET @saved_cs_client     = @@character_set_client */;
/*!40101 SET character_set_client = utf8 */;
CREATE TABLE `faq` (
  `id` int(11) NOT NULL AUTO_INCREMENT,
  `question` text CHARACTER SET utf8 NOT NULL,
  `answer` text CHARACTER SET utf8 NOT NULL,
  `position` int(3) NOT NULL DEFAULT '0',
  PRIMARY KEY (`id`)
) ENGINE=MyISAM AUTO_INCREMENT=4 DEFAULT CHARSET=latin1;
/*!40101 SET character_set_client = @saved_cs_client */;

--
-- Dumping data for table `faq`
--

LOCK TABLES `faq` WRITE;
/*!40000 ALTER TABLE `faq` DISABLE KEYS */;
INSERT INTO `faq` (`id`, `question`, `answer`, `position`) VALUES (1,'Какой нибудь вопрос','<p>Ответ тоже какойто</p>',1),(2,'привет','<p>PHP<a class=\"lightview\" title=\"download6\" href=\"../../upload/images/d9990aafc8f8726ec650455ab535bfa8.jpeg\" rel=\"lightbox\"><img style=\"float: left;\" src=\"../../upload/images/.thumbs/d9990aafc8f8726ec650455ab535bfa8_500_0_0.jpg\" alt=\"download6\" width=\"304\" height=\"243\" /></a></p>',222),(3,'Страхование электронных','<p>Страницы сайта<br />Управление настройками сайта и системы</p>',3);
/*!40000 ALTER TABLE `faq` ENABLE KEYS */;
UNLOCK TABLES;

--
-- Table structure for table `feedback`
--

DROP TABLE IF EXISTS `feedback`;
/*!40101 SET @saved_cs_client     = @@character_set_client */;
/*!40101 SET character_set_client = utf8 */;
CREATE TABLE `feedback` (
  `id` int(10) unsigned NOT NULL AUTO_INCREMENT,
  `name` text NOT NULL,
  `email` varchar(30) NOT NULL,
  `telephone` varchar(20) DEFAULT NULL,
  `where` int(1) DEFAULT NULL,
  `text` text,
  `state` int(1) NOT NULL DEFAULT '1',
  `date` timestamp NULL DEFAULT CURRENT_TIMESTAMP,
  `admin_state` int(11) NOT NULL DEFAULT '1',
  PRIMARY KEY (`id`)
) ENGINE=MyISAM AUTO_INCREMENT=2 DEFAULT CHARSET=utf8;
/*!40101 SET character_set_client = @saved_cs_client */;

--
-- Dumping data for table `feedback`
--

LOCK TABLES `feedback` WRITE;
/*!40000 ALTER TABLE `feedback` DISABLE KEYS */;
INSERT INTO `feedback` (`id`, `name`, `email`, `telephone`, `where`, `text`, `state`, `date`, `admin_state`) VALUES (1,'Vubgudov','e.ngine.b.ay.kas@gmail.com','123456',1,NULL,2,'2013-05-14 10:16:56',1);
/*!40000 ALTER TABLE `feedback` ENABLE KEYS */;
UNLOCK TABLES;

--
-- Table structure for table `feedback_answer`
--

DROP TABLE IF EXISTS `feedback_answer`;
/*!40101 SET @saved_cs_client     = @@character_set_client */;
/*!40101 SET character_set_client = utf8 */;
CREATE TABLE `feedback_answer` (
  `id_back` int(11) NOT NULL,
  `id_feed` int(11) NOT NULL AUTO_INCREMENT,
  `date` timestamp NOT NULL DEFAULT CURRENT_TIMESTAMP,
  `text` text NOT NULL,
  PRIMARY KEY (`id_feed`),
  KEY `id_back` (`id_back`)
) ENGINE=MyISAM DEFAULT CHARSET=utf8;
/*!40101 SET character_set_client = @saved_cs_client */;

--
-- Dumping data for table `feedback_answer`
--

LOCK TABLES `feedback_answer` WRITE;
/*!40000 ALTER TABLE `feedback_answer` DISABLE KEYS */;
/*!40000 ALTER TABLE `feedback_answer` ENABLE KEYS */;
UNLOCK TABLES;

--
-- Table structure for table `invest`
--

DROP TABLE IF EXISTS `invest`;
/*!40101 SET @saved_cs_client     = @@character_set_client */;
/*!40101 SET character_set_client = utf8 */;
CREATE TABLE `invest` (
  `id` int(11) NOT NULL AUTO_INCREMENT,
  `id_user` int(11) NOT NULL,
  `kontract` int(11) DEFAULT NULL,
  `summa` int(11) NOT NULL,
  `income` float NOT NULL,
  `time` int(11) NOT NULL,
  `bonus` int(11) NOT NULL,
  `date` timestamp NULL DEFAULT CURRENT_TIMESTAMP,
  `out_summ` float NOT NULL,
  `date_kontract` date DEFAULT NULL,
  `out_time` date DEFAULT NULL,
  `percent` int(11) NOT NULL,
  `state` int(11) NOT NULL DEFAULT '1',
  `charge` int(11) NOT NULL,
  PRIMARY KEY (`id`),
  UNIQUE KEY `kontract` (`kontract`)
) ENGINE=MyISAM AUTO_INCREMENT=26 DEFAULT CHARSET=latin1;
/*!40101 SET character_set_client = @saved_cs_client */;

--
-- Dumping data for table `invest`
--

LOCK TABLES `invest` WRITE;
/*!40000 ALTER TABLE `invest` DISABLE KEYS */;
INSERT INTO `invest` (`id`, `id_user`, `kontract`, `summa`, `income`, `time`, `bonus`, `date`, `out_summ`, `date_kontract`, `out_time`, `percent`, `state`, `charge`) VALUES (5,21,NULL,144443,8839.91,3,2,'2012-11-22 10:20:14',153283,NULL,NULL,24,1,1),(18,36,NULL,100000,3500,3,0,'2013-04-29 07:43:52',103500,NULL,NULL,14,1,1),(3,19,NULL,4,0.68,6,2,'2012-11-20 12:45:15',4.68,NULL,NULL,30,1,2),(4,20,NULL,10000,1600,6,2,'2012-11-21 16:16:20',11600,NULL,NULL,28,1,1),(6,22,201,100000,6120,3,2,'2012-11-22 10:50:47',106120,'2012-01-01','2012-01-04',24,3,1),(19,39,NULL,1000000,240000,12,0,'2013-05-02 08:48:31',1.24e+06,NULL,NULL,24,1,2),(17,35,NULL,34535345,1.20874e+06,3,0,'2013-04-29 06:21:45',3.57441e+07,NULL,NULL,14,1,1),(9,26,NULL,45000,16524,12,2,'2012-11-27 12:42:56',61524,NULL,NULL,36,1,2),(10,22,NULL,33333,2039.98,3,2,'2012-11-29 18:54:03',35373,NULL,NULL,24,1,1),(11,27,NULL,1000000,244800,12,2,'2013-01-29 07:33:22',1.2448e+06,NULL,NULL,24,1,2),(12,29,NULL,10000,400,3,0,'2013-03-07 07:57:23',10400,NULL,NULL,16,1,2),(13,31,NULL,45000,1575,3,0,'2013-04-01 12:12:00',46575,NULL,NULL,14,1,1),(14,33,NULL,10000,2400,12,0,'2013-04-28 10:38:49',12400,NULL,NULL,24,1,2),(15,33,NULL,20000,14400,24,0,'2013-04-28 11:17:45',34400,NULL,NULL,36,1,2),(16,34,NULL,44444444,1.55556e+06,3,0,'2013-04-29 06:04:26',4.6e+07,NULL,NULL,14,1,1),(20,40,NULL,1000000,220000,12,0,'2013-05-02 08:54:16',1.22e+06,NULL,NULL,22,1,1),(21,41,NULL,1000000,35000,3,0,'2013-05-02 12:03:18',1.035e+06,NULL,NULL,14,1,1),(22,41,NULL,1000000,240000,12,0,'2013-05-02 12:04:16',1.24e+06,NULL,NULL,24,2,2),(23,41,NULL,1000000,240000,12,0,'2013-05-02 12:11:02',1.24e+06,NULL,NULL,24,1,2),(24,41,NULL,1000000,240000,12,0,'2013-05-02 12:32:54',1.24e+06,NULL,NULL,24,1,2),(25,42,NULL,100000,24000,12,0,'2013-05-11 04:20:43',124000,NULL,NULL,24,1,2);
/*!40000 ALTER TABLE `invest` ENABLE KEYS */;
UNLOCK TABLES;

--
-- Table structure for table `invest_state`
--

DROP TABLE IF EXISTS `invest_state`;
/*!40101 SET @saved_cs_client     = @@character_set_client */;
/*!40101 SET character_set_client = utf8 */;
CREATE TABLE `invest_state` (
  `id` int(11) NOT NULL AUTO_INCREMENT,
  `id_invest` int(11) NOT NULL,
  `state` int(11) NOT NULL,
  `date` timestamp NOT NULL DEFAULT CURRENT_TIMESTAMP,
  `performer` text CHARACTER SET utf8,
  `note` text CHARACTER SET utf8,
  `cause` text CHARACTER SET utf8,
  PRIMARY KEY (`id`)
) ENGINE=MyISAM AUTO_INCREMENT=31 DEFAULT CHARSET=latin1;
/*!40101 SET character_set_client = @saved_cs_client */;

--
-- Dumping data for table `invest_state`
--

LOCK TABLES `invest_state` WRITE;
/*!40000 ALTER TABLE `invest_state` DISABLE KEYS */;
INSERT INTO `invest_state` (`id`, `id_invest`, `state`, `date`, `performer`, `note`, `cause`) VALUES (23,19,1,'2013-05-02 08:48:31',NULL,NULL,NULL),(8,6,1,'2012-11-22 10:50:47',NULL,NULL,NULL),(7,5,1,'2012-11-22 10:20:14',NULL,NULL,NULL),(22,18,1,'2013-04-29 07:43:52',NULL,NULL,NULL),(5,3,1,'2012-11-20 12:45:15',NULL,NULL,NULL),(6,4,1,'2012-11-21 16:16:20',NULL,NULL,NULL),(21,17,1,'2013-04-29 06:21:45',NULL,NULL,NULL),(11,9,1,'2012-11-27 12:42:56',NULL,NULL,NULL),(12,10,1,'2012-11-29 18:54:03',NULL,NULL,NULL),(13,6,2,'2012-11-30 07:14:07','Funtik','Sobiraem Documenti','0'),(14,6,3,'2012-11-30 07:15:36','Funtik','Vse ok','0'),(15,11,1,'2013-01-29 07:33:22',NULL,NULL,NULL),(16,12,1,'2013-03-07 07:57:23',NULL,NULL,NULL),(17,13,1,'2013-04-01 12:12:00',NULL,NULL,NULL),(18,14,1,'2013-04-28 10:38:49',NULL,NULL,NULL),(19,15,1,'2013-04-28 11:17:45',NULL,NULL,NULL),(20,16,1,'2013-04-29 06:04:26',NULL,NULL,NULL),(24,20,1,'2013-05-02 08:54:16',NULL,NULL,NULL),(25,21,1,'2013-05-02 12:03:18',NULL,NULL,NULL),(26,22,1,'2013-05-02 12:04:16',NULL,NULL,NULL),(27,22,2,'2013-05-02 12:10:46','RomanSasha','take a look at addtional information','0'),(28,23,1,'2013-05-02 12:11:02',NULL,NULL,NULL),(29,24,1,'2013-05-02 12:32:54',NULL,NULL,NULL),(30,25,1,'2013-05-11 04:20:43',NULL,NULL,NULL);
/*!40000 ALTER TABLE `invest_state` ENABLE KEYS */;
UNLOCK TABLES;

--
-- Table structure for table `logincontrol`
--

DROP TABLE IF EXISTS `logincontrol`;
/*!40101 SET @saved_cs_client     = @@character_set_client */;
/*!40101 SET character_set_client = utf8 */;
CREATE TABLE `logincontrol` (
  `time` timestamp NOT NULL DEFAULT CURRENT_TIMESTAMP,
  `ip` varchar(255) NOT NULL DEFAULT '',
  `logins` int(11) NOT NULL DEFAULT '0',
  `state` varchar(20) NOT NULL DEFAULT ''
) ENGINE=MyISAM DEFAULT CHARSET=utf8;
/*!40101 SET character_set_client = @saved_cs_client */;

--
-- Dumping data for table `logincontrol`
--

LOCK TABLES `logincontrol` WRITE;
/*!40000 ALTER TABLE `logincontrol` DISABLE KEYS */;
INSERT INTO `logincontrol` (`time`, `ip`, `logins`, `state`) VALUES ('2013-04-28 13:08:14','182.52.139.143',1,'send_forget');
/*!40000 ALTER TABLE `logincontrol` ENABLE KEYS */;
UNLOCK TABLES;

--
-- Table structure for table `news`
--

DROP TABLE IF EXISTS `news`;
/*!40101 SET @saved_cs_client     = @@character_set_client */;
/*!40101 SET character_set_client = utf8 */;
CREATE TABLE `news` (
  `id_new` int(11) NOT NULL AUTO_INCREMENT,
  `title` varchar(100) NOT NULL,
  `text` text NOT NULL,
  `url` varchar(100) NOT NULL,
  `data` date NOT NULL,
  `foto` text,
  PRIMARY KEY (`id_new`)
) ENGINE=MyISAM AUTO_INCREMENT=15 DEFAULT CHARSET=utf8;
/*!40101 SET character_set_client = @saved_cs_client */;

--
-- Dumping data for table `news`
--

LOCK TABLES `news` WRITE;
/*!40000 ALTER TABLE `news` DISABLE KEYS */;
INSERT INTO `news` (`id_new`, `title`, `text`, `url`, `data`, `foto`) VALUES (7,'Новые возможности онлайн-платежей от компании Webtransfer ','<p>На сегодняшний день более 30 миллионов человек в России используют электронные кошельки для финансовых операций, а объем пополнений кошельков в 2010 году вырос с 40 до 70 миллиардов рублей. Динамичное развитие рынка электронных платежей не оставляет сомнений в универсальности и удобстве такого способа ведения финансовых операций. <br /><br />Cashflow on the Web &ndash; Финансовые потоки в сети &ndash; слоган компании Webtransfer. Особенность этой системы онлайн-платежей именно в том, что благодаря ей любой пользователь может совершать большую часть финансовых операций, не отходя от компьютера.<br /><br /> Счёт в Webtransfer объединяет счет в электронной валюте и счет в настоящих деньгах, максимально интегрированный с электронными платежными системами и традиционными банковскими счетами. Таким образом, компания Webtransfer практически стирает границы между электронными и реальными деньгами, предоставляя услуги как для физических, так и для юридических лиц.<br /><br /> Компания имеет развитую инфраструктуру и сотрудничает с разветвленной сетью партнеров, что позволяет предоставлять услуги клиентам по всему миру. Так, кроме центрального офиса в Москве, офисы Webtransfer работают в Лондоне, Нью-Йорке, Дубаи и Тель-Авиве.<br /><br /> Весной этого года компания предложила своим потребителям уникальную для российского рынка онлайн-платежей услугу &ndash; микрокредитование онлайн. Компания Webtransfer стала первой на российском рынке системой электронных платежей, которая предлагает своим клиентам кредиты до 5 тысяч рублей на короткий срок не более месяца. <br /><br /> Решение о выдаче микрокредита занимает не более получаса. Кредиты Webtransfer выручат в случае, когда срочно необходимо оплатить незначительные расходы &ndash; будь то онлайн-игра или сотовая связь. С помощью счета в Webtransfer буквально в несколько кликов можно оплатить Интернет-траффик и кабельное телевидение, интернет и хостинг, коммунальные услуги и банковские кредиты, купить валюту социальных сетей и игровых сайтов.<br /><br /> На практике все еще проще: это элементарно облегчает жизнь, предоставляя единый универсальный счет для любых платежей. \"Сейчас у многих очень насыщенная и разнообразная финансовая жизнь, - говорит управляющий директор компании Константин Зарипов. - Люди получают или отправляют деньги в другие города и страны, оплачивают различные услуги и счета, совершают расчеты с партнерами или сотрудниками. Обычно в таких операциях задействованы самые разные счета и электронные кошельки: кому-то удобнее рассчитываться в Webmoney, кому-то через Телебанк, кто-то готов перевести вам деньги только через уличный терминал или Western Union. Единый счет радикально облегчает жизнь и снижает расходы. Например, вам необходимо отправить деньги родственникам, а у вас как раз скопилось много webmoney. Вы пополняете свой счет с webmoney-кошелька (комиссия 0%), совершаете мгновенный и бесплатный перевод внутри системы, и получатель сразу может вывести деньги на свой банковский счет, получить наличными через системы денежных переводов.<br /><br /> Среди партнеров компании: электронные платежные системы WebMoney, RBK Money, WebСreds, PayPal, Moneybookers и прочие, банки ВТБ24, Сбербанк, Промсвязьбанк, Интеркоммерц, система интернет-банкинга HandyBank, из зарубежных: Barclays, Morgan Chase, системы денежных переводов MoneyGram, Anelik, Contact, Western Union, Почта России, процессинговая компания UCS и прочие.<br /><br />Преимущества системы:</p>\n<div class=\"p_text\">\n<ul>\n<li>Лучшие тарифы в индустрии на ввод и вывод денежных средств как для физических, так и для юридических лиц;</li>\n<li>Объединение всех электронных депозитов на одном мультивалютном счете;</li>\n<li>Бесплатные переводы между пользователями внутри системы;</li>\n<li>Бесплатное обслуживание мерчантов;</li>\n<li>Возможность денежных переводов на имя пользователей, не зарегистрированных в системе;</li>\n<li>Новая услуга на российском рынке &ndash; мгновенные микро-кредиты онлайн;</li>\n<li>Широкая агентская сеть: банки-партнеры, системы переводов, терминалы, почтовые переводы;</li>\n<li>Широкий спектр методов ввода/вывода денежных средств: банковские переводы, наличные, пластиковые карты, скретч-карты платежных систем;</li>\n<li>Широкая география офисов &ndash; возможность мультивалютных денежных переводов по всему миру.</li>\n</ul>\n</div>\n<p>&nbsp;</p>\n<p>Пресса о нас:</p>\n<ul class=\"arrows\">\n<li><a href=\"http://www.banks-rating.ru/creditcard/?id=4539\" target=\"_blank\">Рейтинг Банков: Новые возможности онлайн-платежей от компании Webtransfer</a></li>\n<li><a href=\"http://bankir.ru/novosti/s/novie-vozmojnosti-onlain-platejei-ot-kompanii-webtransfer-9567762/\" target=\"_blank\">Bankir.ru: Новые возможности онлайн-платежей от компании Webtransfer </a></li>\n<li><a href=\"http://i-news.kz/news/2011/04/15/4515282.html\" target=\"_blank\">i-News.kz: Новые возможности онлайн-платежей от компании Webtransfer</a></li>\n</ul>','novie-vozmojnosti-ot-webtransf','2012-09-11',''),(8,'Webtransfer предлагает россиянам микрокредиты онлайн','<p>Международная компания Webtransfer предлагает клиентам микрокредиты онлайн. Как стало известно Банки.ру, максимальная сумма кредита составляет 5 тыс. рублей на срок до 30 дней. Решение о выдаче кредита принимается в течение получаса. Калькулятор на сайте Webtransfer.com показывает точную сумму возврата в зависимости от срока займа и суммы кредита.<br /><br />Для того чтобы получить кредит, необходимо зарегистрироваться в системе Webtransfer и получить статус доверенного пользователя, предоставив свои паспортные данные. Для подтверждения кредита необходимо оформить заявку на сайте и позвонить через Skype в службу поддержки, работающую круглосуточно.<br /><br /></p>\n<p>Пресса о нас:</p>\n<ul class=\"arrows\">\n<li><a href=\"http://www.credits.ru/news/25032/\" target=\"_blank\">Кредиты.ру: Webtransfer предлагает россиянам микрокредиты онлайн</a></li>\n<li><a href=\"http://bank.ru/publication/show/id/10776/\" target=\"_blank\">Банк.ру: Россиянам предложили получать кредиты онлайн</a></li>\n<li><a href=\"http://kiosks.ru/content/rus/838/8382-article.asp?archive=1\" target=\"_blank\">Kiosks.ru: Микрокредиты &ndash; впервые на российском рынке онлайн-платежей</a></li>\n<li><a href=\"http://cred-fin.ru/news/2011-04-21-2662\" target=\"_blank\">Кредиты и Финансы: Россияне получили возможность получать микрокредиты онлайн</a></li>\n</ul>','microcrediti-online','2012-09-17',''),(11,' Webtransfer снизит ставки по микрокредитам','<p><strong>Около года назад Webtransfer стала первой платежной системой, предложившей потребителям услугу предоставления микрокредитов онлайн. Принятие ФЗ \"О микрофинансовой деятельности и микрофинансовых организациях\" внесло законодательные коррективы на стремительно развивающемся рынке микрокредитования.</strong> <br /><br />\"После того как дочерняя компания платежной системы Webtransfer - ООО \"Вебтрансфер Финанс\", была внесена в Государственный реестр организаций, осуществляющих микрокредитование, мы можем продолжить выдавать микрокредиты онлайн, при этом существенно снизив процентные ставки для постоянных клиентов\", - комментирует Генеральный директор Webtransfer Константин Зарипов.<br /><br />Напомним, что \"Вебтрансфер\" стала первой в России системой онлайн-платежей, зарегистрированной в реестре микрофинансовых организаций Федеральной службы по финансовым рынкам. Федеральная лицензия гарантирует, что компания действует в регулируемом рынке с ясными для всех правилами.<br /><br />Для получения микрокредита достаточно зарегистрироваться в системе Webtransfer и получить статус Доверенного пользователя, предоставив только паспортные данные. Максимальная сумма кредита - 5 000 рублей, максимальный срок - 30 дней. Решение о выдаче кредита принимается в течение получаса.<br /><br />Благодаря возможностям Webtransfer погашение кредитов доступно через терминалы, банкоматы и системы денежных переводов. Компания сотрудничает с крупнейшими российскими банками, в числе которых Сбербанк РФ, ВТБ 24, Альфа-Банк; HandyBank, а также с системами денежных переводов Migom, Contact и \"Анелик\".</p>\n<p><br /><br /></p>\n<p>Пресса о нас:</p>\n<ul class=\"arrows\">\n<li><a href=\"http://www.cnews.ru/news/line/index.shtml?2012/03/15/481665\" target=\"_blank\">CNEWS.RU: Платежная система Webtransfer снизит ставки по микрокредитам </a></li>\n<li><a href=\"http://www.e-moneynews.ru/stavki-po-mikrokreditam-webtransfer-budut-snizheny/\" target=\"_blank\">e-Moneynews.ru: Ставки по микрокредитам Webtransfer будут снижены</a></li>\n<li><a href=\"http://moneynews.ru/News/16109/\" target=\"_blank\">Moneynews.ru: Webtransfer снизит ставки по микрокредитам</a></li>\n<li><a href=\"http://www.ewmr.ru/platezhnye-sistemy/mikrokredity-ot-webtransfer-podesheveli.php\" target=\"_blank\">EWMR.RU: Микрокредиты от Webtransfer подешевели</a></li>\n</ul>','webtransfer-snizit-stavki-po-mikrokreditam','2012-03-16',''),(12,'Микрокредиты от Webtransfer','<p>На сегодняшний день более 30 миллионов человек в России используют электронные кошельки для финансовых операций, а объем пополнений кошельков в 2010 году вырос с 40 до 70 миллиардов рублей. Динамичное развитие рынка электронных платежей не оставляет сомнений в универсальности и удобстве такого способа ведения финансовых операций.<br /><br />Весной этого года компания Webtransfer предложила своим потребителям уникальную для российского рынка онлайн-платежей услугу &ndash; микрокредитование онлайн. Она стала первой на российском рынке системой электронных платежей, которая предлагает своим клиентам кредиты до 5 тысяч рублей на короткий срок не более месяца.<br /><br />Решение о выдаче микрокредита занимает не более получаса. Кредиты Webtransfer выручат в случае, когда срочно необходимо оплатить незначительные расходы &ndash; будь то онлайн-игра или сотовая связь.</p>\n<p>&nbsp;</p>\n<ul class=\"arrows\">\n<li><a href=\"http://www.allcredits.ru/1/28504/\" target=\"_blank\">Allcredits.ru: Микрокредиты вышли в интернет</a></li>\n<li><a href=\"http://www.rusmicrofinance.ru/news/microfinance/835/\" target=\"_blank\">Rusmicrofinance.ru: Webtransfer выдаст микрокредит</a></li>\n</ul>','microcrediti-ot-webtransfer','2011-04-11','');
/*!40000 ALTER TABLE `news` ENABLE KEYS */;
UNLOCK TABLES;

--
-- Table structure for table `pages`
--

DROP TABLE IF EXISTS `pages`;
/*!40101 SET @saved_cs_client     = @@character_set_client */;
/*!40101 SET character_set_client = utf8 */;
CREATE TABLE `pages` (
  `id_page` int(11) NOT NULL AUTO_INCREMENT,
  `id_parent` int(11) DEFAULT NULL,
  `shablon` varchar(20) COLLATE utf8_hungarian_ci NOT NULL,
  `title` varchar(50) CHARACTER SET utf8 NOT NULL,
  `content` text CHARACTER SET utf8 NOT NULL,
  `url` varchar(50) CHARACTER SET utf8 DEFAULT NULL,
  `active` int(1) NOT NULL DEFAULT '1',
  `sort` int(11) NOT NULL,
  `meta_words` varchar(100) CHARACTER SET utf8 DEFAULT NULL,
  `meta_descript` text CHARACTER SET utf8,
  PRIMARY KEY (`id_page`)
) ENGINE=MyISAM AUTO_INCREMENT=49 DEFAULT CHARSET=utf8 COLLATE=utf8_hungarian_ci;
/*!40101 SET character_set_client = @saved_cs_client */;

--
-- Dumping data for table `pages`
--

LOCK TABLES `pages` WRITE;
/*!40000 ALTER TABLE `pages` DISABLE KEYS */;
INSERT INTO `pages` (`id_page`, `id_parent`, `shablon`, `title`, `content`, `url`, `active`, `sort`, `meta_words`, `meta_descript`) VALUES (12,0,'','О Компании','<p>МФО &laquo;ВЕБТРАНСФЕР ФИНАНС&raquo; &ndash; уникальный игрок на российском рынке микрофинансирования, специализирующийся на выдаче микрозаймов работникам и служащим крупных офисных бизнес-центров с доставкой непосредственно в офис через сеть собственных агентов.</p>\n<p>Компания &laquo;ВЕБТРАНСФЕР ФИНАНС&raquo; входит в международную группу компаний Webtransfer (имеющую дочерние компании в Англии, США, России, а также представительство в Китае) и является первой компанией, которая предложила услугу получения микрокредитов в режиме реального времени. (пионером он-лайн микрокредитования.)</p>\n<p>Деятельность компании на микрофинансовом рынке Российской Федерации регулируется Федеральным законом РФ от 2 июля 2010 года N 151-ФЗ \"О микрофинансовой деятельности и микрофинансовых организациях.\"</p>\n<p>8 Ноября 2011 года Федеральная служба по финансовым рынкам (ФСФР России) выдало компании &laquo;ВЕБТРАНСФЕР ФИНАНС&raquo; <a href=\"../../docs/fsfr.jpg\" target=\"_blank\">свидетельство о включении юридического лица в Государственный реестр микрофинансовых организаций под регистрационным номером 2110177000725.</a></p>\n<p>В 2012 году группа Webtransfer вошла в состав американской холдинговой компании <a href=\"http://www.unifiedpayments.com\">Unified Payments LLC</a> (<a href=\"http://www.unifiedpayments.com\">http://www.unifiedpayments.com/</a> ), признанной самой быстро растущей частной компанией в США по итогам 2011 года. На Российском рынке компания представлена брэндом <a href=\"http://www.unifiedwebtransfer.com\">UnifiedWebtransfer.</a></p>\n<p>Благодаря нашей компании, вы не просто решите свои финансовые вопросы, но и приобретете надежного бизнес-партнера!</p>','about-company',1,1,'о компании,unidengi,webtransfer',''),(13,25,'','Точки выдачи','<p>Специализация МФО &laquo;ВЕБТРАНСФЕР ФИНАНС&raquo; - выдача микрокредитов работникам и служащим крупных офисных бизнес-центров с доставкой непосредственно в офис через сеть собственных агентов. В настоящее время компанией обслуживаются сотрудники ниже перечисленных Бизнес центров класса &laquo;А&raquo; в г.Москва:</p>\n<p>&nbsp;</p>\n<div class=\"advantages\">\n<div class=\"advantage2 gradient\">\n<div class=\"adv_title\" style=\"font-size: 16px;\">Лотте Плаза</div>\n</div>\n<div class=\"advantage2 gradient\">\n<div class=\"adv_title\" style=\"font-size: 16px;\">Романов двор</div>\n</div>\n<div class=\"advantage2 gradient\">\n<div class=\"adv_title\" style=\"font-size: 16px;\">Новинский Пассаж</div>\n</div>\n<br />\n<div class=\"advantage2 gradient\">\n<div class=\"adv_title\" style=\"font-size: 16px;\">Усадьба Центр</div>\n</div>\n<div class=\"advantage2 gradient\">\n<div class=\"adv_title\" style=\"font-size: 16px;\">Central City Tower</div>\n</div>\n<div class=\"advantage2 gradient\">\n<div class=\"adv_title\" style=\"font-size: 16px;\">Легион</div>\n</div>\n<br />\n<div class=\"advantage2 gradient\">\n<div class=\"adv_title\" style=\"font-size: 16px;\">Four Winds Plaza</div>\n</div>\n<div class=\"advantage2 gradient\">\n<div class=\"adv_title\" style=\"font-size: 16px;\">Башня Федерация</div>\n</div>\n<div class=\"advantage2 gradient\">\n<div class=\"adv_title\" style=\"font-size: 16px;\">Город Столиц</div>\n</div>\n<br />\n<div class=\"advantage2 gradient\">\n<div class=\"adv_title\" style=\"font-size: 16px;\">Башня 2000</div>\n</div>\n<div class=\"advantage2 gradient\">\n<div class=\"adv_title\" style=\"font-size: 16px;\">Башня на набережной</div>\n</div>\n<div class=\"advantage2 gradient\">\n<div class=\"adv_title\" style=\"font-size: 16px;\">Серебряный город</div>\n</div>\n<br />\n<div class=\"advantage2 gradient\">\n<div class=\"adv_title\" style=\"font-size: 16px;\">Газойл Плаза</div>\n</div>\n<div class=\"advantage2 gradient\">\n<div class=\"adv_title\" style=\"font-size: 16px;\">Аврора</div>\n</div>\n<div class=\"advantage2 gradient\">\n<div class=\"adv_title\" style=\"font-size: 16px;\">White Square</div>\n</div>\n</div>','tochki-vidachi',1,0,'Все о Микрокредитовании,Микрокредитование','Точки выдачи микрокредитов'),(14,12,'','Наши преимущества','<p>Обратившись в \"ВЕБТРАНСФЕР ФИНАНС\" за займом, вы можете быть уверены, что ваша заявка будет 100% одобрена.&nbsp; При этом, вы можете получить одновременно до двух займов.</p>\n<p>Микрофинансирование через \"ВЕБТРАНСФЕР ФИНАНС\" осуществляется без никаких скрытых платежей или комиссий:</p>\n<ul class=\"arrows\">\n<li><span class=\"text\">Политика компании понятна и прозрачна для всех клиентов</span></li>\n<li><span class=\"text\">Мы гарантируем фиксированную стоимость на протяжении всего срока кредита</span></li>\n<li><span class=\"text\">Мы не требуем от клиентов залоговых гарантий или поручительства</span></li>\n<li><span class=\"text\">Принятие решений о выдаче займа производиться в самые кратчайшие сроки</span></li>\n</ul>\n<p>Кроме этого наша компания предоставит вам ряд дополнительных услуг:</p>\n<ul class=\"arrows\">\n<li><span class=\"text\">К каждому клиенту прикреплен личный менеджер</span></li>\n<li><span class=\"text\">Индивидуальный подход к любой ситуации</span></li>\n</ul>\n<p>Всех клиентов сопровождают и консультируют профессиональные специалисты своей области. Воспользовавшись нашим ресурсом, Вы&nbsp; сможете оформить кредит в кратчайшие сроки и на самых выходных условиях!</p>','our-feature',1,0,'Наши преимущества','Наши преимущества'),(15,12,'novosti','Учредители','<p>Учредители</p>','uchrediteli',2,0,'Учредители','Учредители'),(16,12,'','Руководство','<p>Руководство</p>','Руководство',2,0,'Руководство','Руководство'),(17,12,'','Наши Партнеры','<p>Компания Webtransfer Finance сотрудничает с ведущими компании России и других стран. Среди наших партнеров:</p>\n<ul class=\"arrows\">\n<li>Крупнейшие банки, платежные системы и финансовые учреждения с развитой сетью филиалов</li>\n<li>Популярные интернет-магазины товаров и услуг</li>\n<li>Порталы и сайты различной тематики и направлений</li>\n</ul>\n<p>Благодаря взаимовыгодным условиям, удобному веб-интерфейсу, гибкой политике сотрудничества мы смогли создать партнерскую сеть, охватывающую множество сегментов рынка и различные потребности клиентов. Именно поэтому с нами так легко и просто работать!</p>\n<p>&nbsp;</p>\n<div class=\"partnerlogos\"><img src=\"../../images/logos/1.jpg\" alt=\"\" /> <img src=\"../../images/logos/3.jpg\" alt=\"\" /> <img src=\"../../images/logos/7.jpg\" alt=\"\" /> <img src=\"../../images/logos/11.jpg\" alt=\"\" /> <img src=\"../../images/logos/6.jpg\" alt=\"\" /> <img src=\"../../images/logos/4.jpg\" alt=\"\" /> <img src=\"../../images/logos/8.jpg\" alt=\"\" /> <img src=\"../../images/logos/9.jpg\" alt=\"\" /> <img src=\"../../images/logos/10.jpg\" alt=\"\" /> <img src=\"../../images/logos/5.jpg\" alt=\"\" /> <img src=\"../../images/logos/2.jpg\" alt=\"\" /> <img src=\"../../images/logos/12.jpg\" alt=\"\" /></div>','our-partners',2,0,'Наши Партнеры','Наши Партнеры'),(18,12,'','Нормативные Документы','<p>ООО \"Вебтрансфер Финанс\" действует в соответствии со следующими нормативными актами:<br /><br /></p>\n<ul class=\"arrows\">\n<li><a class=\"view_all\" href=\"http://www.rg.ru/2010/07/07/mikrofinans-dok.html\" target=\"_blank\">Федеральный закон № 151-ФЗ от 2 июля 2010 года \"О микрофинансовой деятельности и микрофинансовых организациях\"</a></li>\n<li><a class=\"view_all\" href=\"http://www.rg.ru/2010/12/31/microfinans-dok.html\" target=\"_blank\">Постановление Правительства РФ № 1149 от 27 декабря 2010 г.\"О мерах по реализации Федерального закона \"О микрофинансовой деятельности и микрофинансовых организациях\"</a></li>\n<li><a class=\"view_all\" href=\"http://www.rg.ru/2011/06/04/reestr-site-dok.html\" target=\"_blank\">Приказ Минфина России № 26н от 3 марта 2011 г. \"Об утверждении Порядка ведения государственного реестра микрофинансовых организаций\"</a></li>\n<li><a class=\"view_all\" href=\"http://www.rg.ru/2011/06/17/likvidnost-dok.html\" target=\"_blank\">Приказ Минфина России № 43н от 19 апреля 2011 г.\"Об утверждении экономических нормативов достаточности собственных средств и ликвидности для микрофинансовых организаций, привлекающих денежные средства физических лиц и юридических лиц в виде займов\"</a></li>\n<li><a class=\"view_all\" href=\"../../docs/pravila.pdf\" target=\"_blank\">Правила предоставления микрозаймов физическим лицам ООО &laquo;Вебтрансфер Финанс&raquo;</a></li>\n<li><a class=\"view_all\" href=\"https://rus.webtransfer.com/pdf/1.pdf\" target=\"_blank\">Правила в целях противодействия легализации (отмыванию) доходов, полученных преступным путем, и финансированию терроризма</a></li>\n<li><a class=\"view_all\" href=\"../../docs/fsfr.jpg\" target=\"_blank\">Свидетельство ФСФР России О внесении сведений о юридическом лице в государственный реестр Микрофинансовых Организаций за № 00725</a></li>\n</ul>\n<p><br /><br /> <strong>Реквизиты компании:</strong></p>\n<p><br /> ООО &laquo;ВЕБТРАНСФЕР ФИНАНС&raquo;<br /> ИНН 7703744380 КПП 770301001 ОГРН 1117746384535<br /> Дата регистрации : 16.05.2011 год.<br /> Государственный реестр микрофинансовых организаций<br /> Регистрационный номер записи: 000725<br /> Дата внесения сведений в государствееный<br /> реестр микрофинансовых организаций 08.11.2011<br /> Номер выданного бланка свидетельства 0000737<br /> Основной государственный регистрационный номер 1117746384535</p>','documents',1,0,'Документы','Документы'),(20,0,'','Партнерство','<h3><strong>Начните зарабатывать с нами!</strong></h3>\n<p>\"ВЕБТРАНСФЕР ФИНАНС\" предлагает вам 2 варианта взаимовыгодного сотрудничества с целью получения прибыли.</p>\n<h3><span style=\"color: #ff0000;\"><strong><em>Вариант 1 - Партнер компании:</em></strong></span></h3>\n<p>Привлекайте клиентов в инновационный продукт компании - <a href=\"../../page/vlojit-dengi\" target=\"_blank\">&laquo;Инвестиции в микрокредиты&raquo;</a>!</p>\n<p>Каждый Партнер, получает прибыль в размере 3% от суммы вклада с каждого привлеченного клиента в &laquo;ВЕБТРАНСФЕР ФИНАНС&raquo;!</p>\n<p><strong><em>ПРИМЕР:</em></strong></p>\n<p>По Вашей рекомендации в компанию \"ВЕБТРАНСФЕР ФИНАНС\" клиент вкладывает денежные средства в размере 1&nbsp;000&nbsp;000 рублей сроком на 1 год. В ваш личный кабинет (ЛК) в течении 24 часов зачисляются средства в размере &nbsp;30 000 рублей (3%* от суммы вклада). От всех последующих вкладов привлеченного&nbsp; вами клиента вы получаете 1,5%. Например, клиент пополнил первоначальный вклад на сумму 500 000 рублей сроком на 1 год, вы получаете 7500 рублей.</p>\n<p>С помощью личного кабинета (ЛК) вы&nbsp; можете контролировать дальнейшие действия своего клиента, а заработанные средства выводить в любое время** на свой банковский счет или на электронный кошелек в любой платежной системе.</p>\n<p><span style=\"text-decoration: underline;\"><strong><em>Итак, 3&nbsp; шага к прибыли</em></strong>:</span></p>\n<p>1. Найдите потенциального клиента и расскажите ему о продукте &laquo;Инвестиции в микрокредиты&raquo; через &laquo;ВЕБТРАНСФЕР ФИНАНС&raquo; и&nbsp; всех его преимуществах.<br />2. После получения положительного ответа от клиента, занесите все его данные в свой личный кабинет (в случае, если он у вас уже есть) или передайте их оператору нашей компании.<br />3. В течение 24 часов после внесения вклада, в своем личном кабинете (ЛК) вы увидите начисленное партнерское вознаграждение, которое вы можете вывести любым удобным вам способом.</p>\n<p><strong><em><strong>Владельцам интернет-магазинов и посещаемых ресурсов достаточно разместить на своем сайте баннер с информацией о продукте&nbsp; &laquo;ВЕБТРАНСФЕР ФИНАНС&raquo; и следить за отчетами привлеченных клиентов с помощью личного кабинета. После внесения вклада в&nbsp; ВЕБТРАНСФЕР ФИНАНС пришедшим от вас клиентом, Вы получаете в свой личный кабинет начисленное вознаграждение.</strong></em></strong></p>\n<address><strong><em>С представителям рынка MLM компания&nbsp;\"ВЕБТРАНСФЕР ФИНАНС\" готова рассмотреть любые программы по взаимовыгодному развитию бизнеса: нас интересует привлечение новых консультантов.</em></strong></address>\n<h3><span style=\"color: #ff0000;\"><em><strong>&nbsp;</strong></em></span></h3>\n<h3><span style=\"color: #ff0000;\"><em><strong>Вариант 2 - Агент компании:</strong></em></span></h3>\n<address>Привлекайте клиентов-работников офисных центров*** заинтересованных в получении <a href=\"../../page/vzyat-kredit\" target=\"_blank\">микрокредитов</a> в &laquo;ВЕБТРАНСФЕР ФИНАНС&raquo;!<br />Каждый Агент, получает прибыль в размере 2% от суммы микрокредита с каждого привлеченного клиента!</address>\n<p><strong>&nbsp;</strong></p>\n<p><strong>ПРИМЕР:</strong></p>\n<p>После выдачи микрокредита Ваша прибыль составит 2% от суммы с каждого привлеченного вами клиента.<br />Принцип работы почти такой же, как и в случае партнерского сотрудничества. Заключив&nbsp; агентский договор, мы предоставляем Вам личного менеджера-куратора. Далее необходимо найти потенциального клиента и&nbsp; рассказать ему микрокредите от \"ВЕБТРАНСФЕР ФИНАНС\",&nbsp; условиях выдачи, сроках его погашения.<br />После подтверждения о выдаче кредита вашему клиенту&nbsp; Вы получаете вознаграждение&nbsp; в размере 2% от суммы микрокредита с каждого привлеченного вами клиента. В дальнейшем, став ВИП партнером компании \"ВЕБТРАНСФЕР ФИНАНС\", Вы сможете получать еще и до 20% от прибыли привлеченных Вами клиентов!!!</p>\n<p><strong><span style=\"text-decoration: underline;\">Итак, 3&nbsp; шага к прибыли:</span></strong></p>\n<p><strong>1.</strong> Найдите потенциального клиента в любом из офисных центров, в которых работает &laquo;ВЕБТРАНСФЕР ФИНАНС&raquo; и расскажите ему о том, что такое микрокредит и условиях его выдачи и погашения.<br /><strong>2.</strong> После получения положительного ответа от клиента, занесите все его данные в свой личный кабинет&nbsp; (ЛК), в случае, если он у вас уже есть или передайте их оператору нашей компании.<br /><strong>3.</strong> В течение 24 часов после получения микрокредита, в своем личном кабинете (ЛК) вы увидите начисленное партнерское вознаграждение, которое вы можете вывести его любым удобным вам способом.</p>\n<p>&nbsp;</p>\n<h5><em>&nbsp;<strong>*</strong> В случае если ваш клиент внес вклад на срок менее чем один год, вы получите: Полгода &ndash; 2%, Квартал &ndash; 1,5%. В случае пополнения вклада клиентом вы получаете 50% от вашего вознаграждения не зависимо от срока вклада.</em></h5>\n<h5><em>** Вывод партнерского вознаграждения возможен через 30 дней после внесения вклада привлеченным клиентом (Данное условие действует в целях предотвращения возможных не добросовестных действий Партнера &ndash; вклад может быть внесен и выведен в срок менее одного месяца с момента его внесения, а сумма вознаграждения может быть уже выведена из личного кабинета (ЛК)</em></h5>\n<h5><em>*** </em>В настоящее время компанией обслуживаются сотрудники <em>ниже перечисленных Бизнес центров класса &laquo;А&raquo; в г.Москва:</em></h5>\n<p><em>&nbsp;</em></p>\n<div class=\"advantages\">\n<div class=\"advantage2 gradient\">\n<div class=\"adv_title\" style=\"font-size: 16px;\">Лотте Плаза</div>\n</div>\n<div class=\"advantage2 gradient\">\n<div class=\"adv_title\" style=\"font-size: 16px;\">Романов двор</div>\n</div>\n<div class=\"advantage2 gradient\">\n<div class=\"adv_title\" style=\"font-size: 16px;\">Новинский Пассаж</div>\n</div>\n<br />\n<div class=\"advantage2 gradient\">\n<div class=\"adv_title\" style=\"font-size: 16px;\">Усадьба Центр</div>\n</div>\n<div class=\"advantage2 gradient\">\n<div class=\"adv_title\" style=\"font-size: 16px;\">Central City Tower</div>\n</div>\n<div class=\"advantage2 gradient\">\n<div class=\"adv_title\" style=\"font-size: 16px;\">Легион</div>\n</div>\n<br />\n<div class=\"advantage2 gradient\">\n<div class=\"adv_title\" style=\"font-size: 16px;\">Four Winds Plaza</div>\n</div>\n<div class=\"advantage2 gradient\">\n<div class=\"adv_title\" style=\"font-size: 16px;\">Башня Федерация</div>\n</div>\n<div class=\"advantage2 gradient\">\n<div class=\"adv_title\" style=\"font-size: 16px;\">Город Столиц</div>\n</div>\n<br />\n<div class=\"advantage2 gradient\">\n<div class=\"adv_title\" style=\"font-size: 16px;\">Башня 2000</div>\n</div>\n<div class=\"advantage2 gradient\">\n<div class=\"adv_title\" style=\"font-size: 16px;\">Башня на набережной</div>\n</div>\n<div class=\"advantage2 gradient\">\n<div class=\"adv_title\" style=\"font-size: 16px;\">Серебряный город</div>\n</div>\n<br />\n<div class=\"advantage2 gradient\">\n<div class=\"adv_title\" style=\"font-size: 16px;\">Газойл Плаза</div>\n</div>\n<div class=\"advantage2 gradient\">\n<div class=\"adv_title\" style=\"font-size: 16px;\">Аврора</div>\n</div>\n<div class=\"advantage2 gradient\">\n<div class=\"adv_title\" style=\"font-size: 16px;\">White Square</div>\n</div>\n</div>','partnership',1,4,'Партнерство','Партнерство'),(23,12,'novosti','Новости','<p>&nbsp;</p>\n<p>(*****Метка шаблона*****)</p>','press-center',1,1,'Пресс-Центр','Пресс-Центр'),(24,0,'','Как работаем','<p>С \"ВЕБТРАНСФЕР ФИНАНС\" вы сможете быстро и легко заработать, взять кредит, инвестировать сбережения. И также легко и просто рассчитаться или вывести свои накопления.</p>\n<p>Успех нашей компании определяется тремя основными принципами:</p>\n<ul class=\"arrows\">\n<li>Удобство</li>\n<li>Прозрачность</li>\n<li>Оперативность</li>\n</ul>\n<p>Все процессы нашей системы максимально автоматизированы &ndash; это позволяет Вам совершать почти все операции в режиме онлайн. Теперь Вы можете получить кредит, пополнить счет и вывести деньги, не выходя из дома. При этом, мы рассматриваем и одобряем все заявки. Мы упростили все процедуры таким образом, что для получения кредита Вам достаточно заполнить онлайн-заявку и загрузить отсканированные копии своих документов. Личного присутствия или стояния в очередях не требуется!</p>\n<p>Возможности \"ВЕБТРАНСФЕР ФИНАНС\" выходят за рамки получения кредитов: Вы можете стать нашим партнером или инвестором и начать зарабатывать вместе с нами. Для партнеров предусмотрена возможность отслеживания прибыли через удобный веб-интерфейс.</p>\n<p>Мы работаем для того, чтобы Вы могли быстро получить кредит, хорошо заработать, выгодно и надежно инвестировать. Оставайтесь с \"ВЕБТРАНСФЕР ФИНАНС\"! Желаем Вам процветания и всегда рады ответить на возникшие вопросы.</p>\n<p>&nbsp;<img style=\"vertical-align: middle;\" src=\"../../upload/images/d5a56b794dad4031d456e8d12102c27f.jpg\" alt=\"workflow\" width=\"620\" height=\"620\" /></p>','kak-rabotaem',1,2,'как работаем','Как работаем'),(25,0,'','Взять кредит','<p>Вместе с&nbsp;ООО \"ВЕБТРАНСФЕР ФИНАНС\" получить&nbsp;кредит легко и просто. Позвоните в службу поддержки нашей компании и ответьте на вопросы оператора или воспользуйтесь онлайн-формой получения кредита.</p>\n<p>Пять простых шагов для получения&nbsp;кредит онлайн:<br />1.&nbsp;&nbsp; &nbsp;Введите все данные, запрашиваемые системой.<br />2.&nbsp;&nbsp; &nbsp;Загрузите необходимые документы в отсканированном виде.<br />3.&nbsp;&nbsp; &nbsp;Дождитесь рассмотрения заявки оператором. Это происходит в кратчайшие сроки.<br />4.&nbsp;&nbsp; &nbsp;После одобрения заявки Вы можете получить свой&nbsp;кредит у себя в офисе или на свой расчётный счет в банке.</p>\n<p>Дополнительно, весь этот процесс можно пройти при индивидуальной встрече с агентом компании.</p>\n<p>Как видите, получение кредита в компании \"ВЕБТРАНСФЕР ФИНАНС\" &ndash; максимально упрощенная и быстрая процедура. Вам не обязательно приходить лично в офис и заполнять множество бланков. <span class=\"userContent translationEligibleUserMessage\"><span class=\"userContent translationEligibleUserMessage\">При этом, мы 100% одобряем все заявки.</span></span></p>\n<p>Вам не нужно ждать ответа несколько дней. Автоматизированная система выдачи кредитов позволяет решить Ваш вопрос в течении часа. Наша служба поддержки с радостью ответит на все возникшие вопросы по выдаче кредитов и работе системы.</p>\n<p>Выбирайте комфорт. Экономьте свое время. Получайте кредиты в \"ВЕБТРАНСФЕР ФИНАНС\".<br /><br /></p>\n<div class=\"button\" style=\"margin: 0 auto;\"><a href=\"../../page/vzyat-kredit/register\">Оформить кредит</a></div>','vzyat-kredit',1,2,'Взять кредит,займ,микрокредит,деньги в долг','Взять  деньги до зарплаты очень легко и просто. Позвоните в службу поддержки нашей компании и ответьте на вопросы оператора или воспользуйтесь онлайн-формой получения кредита'),(26,0,'9','Вложить Деньги','<table class=\"invest\" width=\"100%\" cellspacing=\"2\" cellpadding=\"2\">\n<tbody>\n<tr><th>Наименование</th><th>Срок</th><th>% ставка, год*</th><th>после уплаты НДФЛ*</th><th>Начисление %</th></tr>\n<tr>\n<td class=\"first\">Квартал</td>\n<td>3 мес.</td>\n<td>14.0%</td>\n<td>12.18%</td>\n<td class=\"last\">Ежемесячно</td>\n</tr>\n<tr>\n<td class=\"first\">Квартал Плюс</td>\n<td>3 мес.</td>\n<td>16.0%</td>\n<td>13.92%</td>\n<td class=\"last\" nowrap=\"nowrap\">В конце срока</td>\n</tr>\n<tr>\n<td class=\"first\">Полгода</td>\n<td>6 мес.</td>\n<td>18.0%</td>\n<td>15.66%</td>\n<td class=\"last\">Ежемесячно</td>\n</tr>\n<tr>\n<td class=\"first\">Полгода Плюс</td>\n<td>6 мес.</td>\n<td>20.0%</td>\n<td>17.40%</td>\n<td class=\"last\">В конце срока</td>\n</tr>\n<tr>\n<td class=\"first\">Годовой</td>\n<td>12 мес.</td>\n<td>22.0%</td>\n<td>19.14%</td>\n<td class=\"last\">Ежемесячно</td>\n</tr>\n<tr>\n<td class=\"first\">Годовой Плюс</td>\n<td>12 мес.</td>\n<td>24.0%</td>\n<td>20.88%</td>\n<td class=\"last\">В конце срока</td>\n</tr>\n<tr>\n<td class=\"first\">Полтора года</td>\n<td>18 мес.</td>\n<td>30.0%</td>\n<td>24,36%</td>\n<td class=\"last\">В конце срока</td>\n</tr>\n<tr>\n<td class=\"first\">Два года</td>\n<td>24 мес.</td>\n<td>36.0%</td>\n<td>31,32%</td>\n<td class=\"last\">В конце срока</td>\n</tr>\n<tr>\n<td style=\"border-top: 1px solid #cccccc;\" colspan=\"5\">* % при выплате начисленных процентов, с физических лиц удерживается подоходный налог в размере 13%</td>\n</tr>\n</tbody>\n</table>\n<p>(*****Метка шаблона*****)</p>\n<p>МФО &laquo;Вебтрансфер Финанс&raquo; предлагает Вам разместить свои денежные средства от 1,5млн. рублей в высокодоходный бизнес компании и получать стабильную гарантированную прибыль от 14 до 36% годовых.</p>\n<p>Вложив свои финансовые сбережения в один из продуктов компании по договору займа, Вы будете получать прибыль, которая будет зависеть от срока размещения. Мы принимаем займы сроком на 3, 6, 12, 18 или 24 месяцев.</p>\n<center><a href=\"../../upload/images/47fc2b87e694492106bfcdc3615f6f47.png\" rel=\"fancybox\"><img style=\"vertical-align: middle;\" src=\"../../upload/images/47fc2b87e694492106bfcdc3615f6f47.png\" alt=\"\" width=\"309\" height=\"188\" /></a><a href=\"../../upload/images/320d24c00fe75f84125efe49fcfb215f.png\" rel=\"fancybox\"><img style=\"vertical-align: middle;\" src=\"../../upload/images/320d24c00fe75f84125efe49fcfb215f.png\" alt=\"\" width=\"309\" height=\"188\" /></a><br /><br /> Каждый вклад подтверждается кредитным сертификатом удостоверяющим права держателя на получение от выдавшего его лица в течение установленного срока доли выплат по кредитному договору, включая возврат основной суммы долга и проценты.<br /><br />\n<div class=\"button\"><a style=\"font-size: 20px;\" title=\"Посмотреть презентацию - Инвестиции в микрокредиты\" href=\"../../images/WTFIN.pps\">Посмотреть презентацию</a></div>\n</center>','vlojit-dengi',1,3,'Вложить Деньги,инвестиции,деньги в займ,сбережениея','Получите прибыль от вклада денег с нами. Доверив свои финансовые сбережения нам, Вы будете получать прибыль, который будет зависеть от размера вложения'),(27,0,'1','Контакты','<p>(*****Метка шаблона*****)</p>\n<p>&nbsp;</p>\n<h2>Офис в Москве:</h2>\n<p><br /> Пресненская набережная, 8, строение 1 (ММДЦ \"Москва-Сити\", <br /> башня \"Капитал Групп\"), 5 этаж <br /><br /></p>\n<center><img src=\"../../images/map22.jpg\" alt=\"Карта расположения\" /></center>\n<p><br /> Перед визитом в офис, пожалуйста, свяжитесь с нами. Мы закажем для вас пропуск, который можно будет получить в бюро пропусков. <br />&nbsp;<br /> График работы офиса: <br /> 10:00 - 18:00 мск,<br /> выходные - суббота, воскресенье. <br /><br /> Телефоны:<br /> по России (звонки бесплатные): 8 800 100-96-91<br /> по Москве и Московской области: (495) 229-31-79<br />Эл.Почта: <a href=\"mailto:support@webtransfer-finance.ru\">support@webtransfer-finance.ru</a></p>','contacts',1,6,'Контакты','Контакты'),(28,12,'','Сертификаты и Награды','<p>Сертификаты и Награды</p>','certificates',2,0,'Сертификаты и Награды','Сертификаты и Награды'),(29,12,'','Отзывы Клиентов','<ul class=\"news_list\">\n<li>\n<div class=\"new_content\">\n<h3>Владимир (Башня Федерация)</h3>\n<p>Эти займы &ndash; очень удобны, если вдруг потребовались деньги на что-то, причем можно и из офиса никуда не выходить даже &ndash; только данные сообщить и все. Я уже трижды брал небольшие суммы, все выдают очень быстро. А в конце дня уже и деньги приходят &ndash; все оперативно. А что проценты не маленькие &ndash; ну так извините &ndash; ни в очереди не стоять, ни бумажек миллиард не собирать, хотите быстро &ndash; платите деньги. Буду и дальше с ними сотрудничать, потому что они не раз меня выручали.</p>\n</div>\n</li>\n<li>\n<div class=\"new_content\">\n<h3>Сергей (Город Столиц)</h3>\n<p>Ааааа, я в восторге! Просто в восторге!!! Очень быстро мне все одобрили И вот сейчас я уже вторую заявку оформляю. Просто не всегда можно занять у друзей, у моих вот например нет лишних денег. Теперь потихоньку погашаю, рейтинг свой в компании повышаю.</p>\n</div>\n</li>\n<li>\n<div class=\"new_content\">\n<h3>Роман (Аврора)</h3>\n<p>Приятно порадовали условия вложения средств, с точки зрения того, что проценты я получаю, но и параллельно могу оплачивать на начисленные проценты через эту же систему мелкие электронные платежи. Очень удобно.</p>\n</div>\n</li>\n<li>\n<div class=\"new_content\">\n<h3>Михаил (Аврора)</h3>\n<p>Великолепная задумка, невероятно просто &ndash; не выходя из офиса, буквально за несколько часов, и совершенно приемлемые процентные ставки! Я посоветовал этот сайт всем своим друзьям, которые работают в офисных центрах, где дает кредиты Вебтрансфер! Раньше были кассы взаимопомощи, если кто-то помнит такое. Я не думал, что когда-нибудь увижу сайт взаимопомощи. И чем больше берешь, тем ты больше выгадываешь, замечательно! Реально, для меня это быстро, просто, я даже не думал, что это так работает! К тому же, я второй месяц оплачиваю кредит по договору и буду обязательно брать еще!</p>\n</div>\n</li>\n<li>\n<div class=\"new_content\">\n<h3>Виктория (Усадьба Центр)</h3>\n<p>Хотела сделать мужу подарок , а денег не хватало. Решила занять у подруги, у нее тоже не было, она мне и посоветовала взять кредит. Отпросилась с работы и предварительно я обошла один банк, потом другой &ndash; не дают. То сумма маленькая, то кредитной истории нет, в конечном итоге, заполнила заявку через интернет, у этой компании, первый раз попробовала оформить прямо на сайте заявку. Думала &ndash; ничего не выйдет, а мне через полчаса позвонили и сразу спросили &ndash; куда деньги привезти, мы вашу заявку одобрили, без вопросов вообще, сказали какую сумму в неделю платить, я и плачу, удобно и просто! Везде бы так делали, а то стопицот документов заполнить надо, и в очереди постоять в банке еще. По поводу процентов, да они не маленькие, но в жизни бывают всякие ситуации, и порой выбора не остается, когда банки отказывают.</p>\n</div>\n</li>\n<li>\n<div class=\"new_content\">\n<h3>Александр (Башня на Набережной)</h3>\n<p>Не первый раз беру некоторые суммы денег в компании, меня все устраивает. Два раза брал по 15 тысяч. С ними всегда можно договориться, оформляли мне все прямо за несколько часов, то есть, в два часа позвонил, в шесть уже при деньгах, если форс-мажорная ситуация &ndash; просто идеально. Сейчас уже могу и больше суммы брать, вот недавно звонили &ndash; предлагали 50 тысяч взять, мне просто не надо сейчас. Так что меня Вебтрансфер полностью устраивает, я вполне доволен!</p>\n</div>\n</li>\n<li>\n<div class=\"new_content\">\n<h3>Андрей (Central City Tower)</h3>\n<p>Думаю, что каждому приходится сталкиваться с ситуацией не хватки денег от зарплаты до зарплаты, я также не являюсь исключением. Несколько раз обращался в банки, но в них мне либо отказывали, либо минимальная сумма кредита оказывалась для меня неподъемной. В какой-то момент я уже отчаялся найти организацию, которая могла бы мне помочь. Но однажды, совершенно случайно, увидел у нас в офисном здании рекламу Webtransfer-Finance, в которой предлагают как раз то, что мне надо &mdash; небольшие суммы, на короткий срок с доставкой прямо в офис. Первый раз обратился в эту компанию осенью прошлого года. На удивление очень быстро рассмотрели заявку на кредит: утром отправил &mdash; через 30мин мне позвонили и спросили удобное мне время, когда их курьер может подъехать ко мне на работу, оформить документы и получить кредит. Теперь отношусь к разряду постоянных клиентов и оформляю при необходимости кредит за один час, причем сразу на карту в Альфа банке - компания еще и к тому же их партнер. Очень удобно и надеюсь мой отзыв поможет тем, кто еще перебивается от зарплаты до зарплаты.</p>\n</div>\n</li>\n<li>\n<div class=\"new_content\">\n<h3>Виктор (Башня 2000)</h3>\n<p>Срочно нужны были деньги для оплаты за институт сыну, оформил заявку на сайте, мне позвонили, согласовали встречу прямо в офисе, пришел в офис курьер с деньгами, я дал паспорт, справку с работы и получил деньги за 10 минут! Спасибо.</p>\n</div>\n</li>\n<li>\n<div class=\"new_content\">\n<h3>Алексей (Four Winds Plaza)</h3>\n<p>После того, как вложил 200,000 рублей в систему через месяц срочно понадобилась часть денег. Без вопросов в системе Webtransfer-Finance мне оформили беспроцентный кредит на 20 дней, не нужно было разрывать договор и терять свои проценты, удобно и выгодно. Очень доволен!!!</p>\n</div>\n</li>\n<li>\n<div class=\"new_content\">\n<h3>Олег (Газойл Плаза)</h3>\n<p>О Вашей компании узнал через рекламу, захотел посмотреть что из себя представляет вложение денег. Был очень заинтересован самим фактом существования такой системы, в которой возможно заработать хорошие проценты с гарантиями прибыли и страховкой вклада. В итоге положил небольшую сумму денег, для участия. Смотрю в системе каждый месяц, как мои деньги растут. ))</p>\n</div>\n</li>\n<li>\n<div class=\"new_content\">\n<h3>Светлана (Новинский Пассаж)</h3>\n<p>К сожалению, я свою кредитную историю испортила, точнее, не я, а бывший супруг. Брали кредит на машину на мое имя, исправно платили. Потом развелись, муж машину забрал себе, а платить почему то перестал. Было долгое разбирательство, однако в бюро кредитных историй нигде не сделали пометок никаких, и я осталась с запятнанной репутацией. Спустя полгода понадобился кредит на операцию, везде отказывали. Обратилась в Webtransfer-Finance &ndash; и чудо-чудное, диво-дивное &ndash; за день я получила необходимую сумму, хотя ей-богу, уже совсем отчаялась. Спасибо вам большое за работу, от всей моей семьи огромная благодарность!!!</p>\n</div>\n</li>\n<li>\n<div class=\"new_content\">\n<h3>Мария (Башня Федерация)</h3>\n<p>Я обратилась в компанию Webtransfer-Finance после того, как мне отказали в двух банках, без всякого объяснения причин. Время поджимало, сроки горели, пришлось обращаться к ним. Сразу скажу &ndash; не стала вдаваться в принцип их работы. Просто сообщила &ndash; какая сумма нужна, мне сказали процент, срок, после получения согласия, курьер привез требуемую сумму мне прямо на работу. Очень удобно, спасибо вам большое!!!</p>\n</div>\n</li>\n<li>\n<div class=\"new_content\">\n<h3>Ульяна Владимировна (Серебряный Город)</h3>\n<p>Уже довольно давно не храню дома много наличных, так как поняла, что более эффективно хранить деньги в Webtransfer-Finance. Вложила деньги на год под24% годовых с выплатой % ежемесячно, очень выгодно и удобно каждый месяц получаю проценты на свою карточку Сбарбанка. Приятно знать что мои деньги помогают людям в сложных ситуациях. Спасибо!</p>\n</div>\n</li>\n</ul>','testimonials',1,0,'Отзывы Клиентов','Отзывы Клиентов'),(30,12,'','Вакансии','<p>Нужна работа? Ищете новые возможности для профессионального роста? Мечтаете о работе в дружной команде?</p>\n<p>ООО \"ВЕБТРАНСФЕР ФИНАНС\" &ndash; это динамически развивающийся коллектив, открытый различным идеям и предложениям. Мы рады новым талантливым сотрудникам и готовы предложить Вам занятость в интересной и перспективной сфере! Система обучения и продвижения позволяет учесть потенциал каждого работника и помогает ему максимально реализоваться.<br /><br />По всем вопросам, связанным с открытыми вакансиями и трудоустройством, пишите на адрес rabota@webtransfer-finance.ru</p>','vacancies',1,0,'Вакансии,работа,москва-сити','Вакансии для талантливых сотрудников в интересной сфере от компании Вебтрансфер Финанс в Москва Сити '),(32,25,'','Требования к заемщику','<p>Для того чтобы получить кредит в ВЕБТРАНСФЕР-ФИНАНС, Вам не нужно искать поручителей и предоставлять залог.&nbsp; Стать заемщиком может каждый, кто соответствует следующим минимальным требованиям:</p>\n<ol>\n<li><span class=\"number\">1</span> Возраст от 21 года и выше</li>\n<li><span class=\"number\">2</span> Гражданство Российской Федерации</li>\n<li><span class=\"number\">3</span> Справка с места работы</li>\n</ol>\n<p>&nbsp;</p>\n<p>Для оформления&nbsp;кредитного договора вам достаточно предоставить или загрузить на сайт копию паспорта и справки с места работы.</p>\n<p>Для заемщиков, получавших&nbsp;кредиты несколько раз и имеющих хорошую кредитную историю, мы предоставляем особые условия сотрудничества.</p>','loan-requirements',1,0,'Требования к заемщику,без-поручителей,микрокредит','Для получения займа в Вебтрансфер-Финанс не нужны поручители или собирать справки из разных инстанций. Все легко, просто и быстро.'),(33,25,'','Как получить кредит','<p>Вместе с Webtransfer Finance получить&nbsp;кредит легко и просто. Позвоните в службу поддержки нашей компании и ответьте на вопросы оператора или воспользуйтесь онлайн-формой получения кредита.</p>\n<p>Пять простых шагов для получения кредита онлайн:<br />1.&nbsp;&nbsp; &nbsp;Зарегистрируйтесь в системе UniDengi.<br />2.&nbsp;&nbsp; &nbsp;Введите все данные, запрашиваемые системой.<br />3.&nbsp;&nbsp; &nbsp;Загрузите необходимые документы в отсканированном виде (паспорт, пенсионную книжку).<br />4.&nbsp;&nbsp; &nbsp;Дождитесь рассмотрения заявки оператором. Это происходит в кратчайшие сроки.<br />5.&nbsp;&nbsp; &nbsp;После одобрения заявки Вы можете получить свой&nbsp;кредит в любом пункте &laquo;Анелик&raquo;.</p>\n<p>Как видите, получение займа в компании UniDengi &ndash; максимально упрощенная и быстрая процедура. Вам не обязательно приходить лично в офис и заполнять множество бланков.</p>\n<p>Вам не нужно ждать ответа несколько недель. Автоматизированная система выдачи кредитов позволяет решить Ваш вопрос в считанные часы. Наша служба поддержки с радостью ответит на все возникшие вопросы по выдаче кредитов&nbsp; и работе системы.</p>\n<p>Выбирайте комфорт. Экономьте свое время. Получайте займы в UniDengi.<br /><br /></p>','how-to-get-loan',2,0,'Как получить заем','Как получить заем'),(34,25,'','Как погасить кредит','<p>Кредит погашается разовым платежом по окончании срока кредитования. Вы можете произвести оплату любым удобным для Вас способом:</p>\n<ul class=\"arrows\">\n<li>Платежным поручением из любого банка на расчетный счет компании &laquo;Вебтрансфер Финанс&raquo; указанный в Договоре, размер комиссии будет зависеть от условий выбранного банка;</li>\n<li>Наличными в офисе компании&nbsp; \"ВЕБТРАНСФЕР ФИНАНС\".</li>\n<li>Наличными курьеру, вызванным бесплатно к вам в офис.</li>\n</ul>','how-to-settle-loan',1,0,'Как погасить заем','Как погасить кредит'),(35,25,'','Программа лояльности','<p>Многие наши клиенты повторно обращаются к услугам компании. Людей привлекает возможность получения кредитов онлайн без оформления большого пакета документов и длительного ожидания своей очереди. Мы высоко ценим такое доверие и специально для постоянных клиентов разработали специальную программу лояльности.</p>\n<p>Став участником нашей программы лояльности, Вы получаете возможность взять следующий кредит по сниженной процентной ставке. Ограничений по количеству льготных кредитов нет! Уже после первого обращения в компанию Вы получаете возможность взять следующий кредит на более выгодных условиях.</p>\n<p>Устанавливая деловые отношения с клиентами, мы надеемся на долгосрочное сотрудничество. Предлагаем Вам специальные условия: став постоянным пользователем системы ВЕБТРАНСФЕР ФИНАНС, вы получаете VIP- обслуживание и самые выгодные ставки по займам! Получите свой кредит прямо сейчас.<br /><br />С нами вы сможете быстро и легко заработать, взять кредит, инвестировать сбережения. И также легко и просто рассчитаться или вывести свои накопления.<br /><br /></p>','loyalty-programm',1,0,'Программа лояльности','Программа лояльности'),(36,26,'','Как инвестировать','<p>Став инвестором, Вы можете защитить свои сбережения от инфляции, а также увеличить свой капитал.&nbsp;ООО \"ВЕБТРАНСФЕР ФИНАНС\" предлагает сделать это, не отходя от монитора &ndash; воспользуйтесь инвестициями в режиме онлайн!</p>\n<p>Для того чтобы стать инвестором вместе с компанией \"ВЕБТРАНСФЕР ФИНАНС\", вам достаточно заполнить заявку на сайте. После ее получения наши менеджеры по инвестированию обязательно свяжутся с Вами!</p>\n<p>Вы всегда можете отследить состояние своего счета, сумму начисленных процентов и прирост своего капитала. Ведь система \"ВЕБТРАНСФЕР ФИНАНС\" позволяет Вам контролировать вклады и проценты в режиме реального времени! Мы работаем максимально прозрачно и оперативно, поэтому весь учет денежных средств автоматизирован.</p>\n<p>Для Вашего удобства предусмотрено несколько способов погашения микро-кредитов и внесение денежных средств по договору займа: банковским переводом, наличными в офисе или с помощью партнеров системы платежей: сети банковских филиалов Сбербанка, ВТБ24, Альфабанка, Евросеть, Связной пунктов систем денежных переводов Анеликт, Контакт, Мигом, а так же пластиковыми картами платежных систем Visa, Mastercard и другие электронные системы платежей.<br /><br /></p>','how-to-invest',1,0,'Как инвестировать','Как инвестировать'),(37,26,'','Как вывести инвестиции','<p>После оформления вклада ежемесячно ваш баланс в кабинете будет пополняться на определенную сумму, в зависимости от размера вложенных средств. В дальнейшем Вы сможете выводить эти деньги в любую он-лайн систему, по Вашему желанию. Кроме того, инвестор имеет право получить эти деньги&nbsp; досрочно, заполнив заявку в личном кабинете. Ответ будет отправлен в течении 24 часов.</p>','how-to-redeem-investment',1,0,'Как вывести инвестиции','Как вывести инвестиции'),(39,25,'faq','Помощь','<p>&nbsp;</p>\n<p>&nbsp;</p>\n<p>(*****Метка шаблона*****)</p>','faq',2,0,'faq','помощь'),(42,25,'4','Регистрация','<p>(*****Метка шаблона*****)</p>','register',1,0,'Регистрация','Регистрация'),(44,26,'5','Запрос на вклад','<p>&nbsp;</p>\n<p>(*****Метка шаблона*****)</p>','zaapros-dlya-investiziy',2,4,'вклад денег','вклад денег'),(45,26,'7','Регистрация','<p>&nbsp;</p>\n<p>(*****Метка шаблона*****)</p>','register-investment',1,6,'регистрация,инвестиции,вклад','Регистрация для вклада'),(46,12,'','Часто задаваемые вопросы','<p><strong>Что такое Кредитный сертификат?</strong></p>\n<p><em><strong>&laquo;Кредитный сертификат&raquo;</strong> </em>- документ представляющий собой бессрочную гарантию положительного кредитного решения (положительный кредитный лимит) его Владельцу, а также удостоверяющий права Владельца кредитного сертификата на получение от Вебтрансфер Финанс в течение установленного срока, доли выплат по кредитным договорам, включая возврат основной суммы долга и проценты.</p>\n<p>По договору купли-продажи Кредитного сертификата, Вебтрансфер Финанс, передает Владельцу сертификата права на получение части выплат, производимых заемщиками по кредитным договорам в пользу Вебтрансфер Финанс. Доход по Кредитным сертификатам формируется из выплат заемщиков по выдаваемым микрокредитам.</p>\n<p><strong><em>Кредитный сертификат - финансовый инструмент для любого инвестора!!!</em></strong></p>\n<p>&nbsp;</p>\n<p><strong>Как приобрести Кредитный сертификат?</strong></p>\n<p>Оплата стоимости Кредитного сертификата Вебтрансфер&nbsp;Финанс осуществляется одним из следующих способов:</p>\n<p>- &nbsp;переводом на банковский счет;</p>\n<p>- &nbsp;наличными средствами в кассу;</p>\n<p>- &nbsp;электронной валютой;</p>\n<p>- &nbsp;путем приобретения у третьих лиц.</p>\n<p>&nbsp;<strong>Какие возможности дает Кредитный сертификат?</strong></p>\n<p>Кредитный сертификат дает его&nbsp;Владельцу право на получение дохода от заемщиков по кредитным договорам в пользу Вебтрансфер Финанс, включая возврат основной суммы долга и проценты</p>\n<p><strong>&nbsp;Как пользоваться Кредитным сертификатом?</strong></p>\n<p>- получить кредит у Вебтрансфер Финанс на сумму Кредитного сертификата;</p>\n<p>- погасить его по цене равной &ndash; номинальная стоимость плюс курсовая надбавка;</p>\n<p>- продать путем передачи его третьему лицу, получив доход от роста курсовой стоимости Кредитного сертификата;</p>\n<p>- использовать в качестве первоначального взноса или предоплаты у партнеров Вебтрансфер Финанс;</p>\n<p>- купить новый автомобиль любой марки в автосалоне-партнере Единый Дисконтный Центр <a href=\"http://www.edcentr.ru\" target=\"_blank\">http://www.edcentr.ru</a>;</p>\n<p>- купить безлимитный авиапроездной&nbsp;и авиа билеты со скидкой у партнера компании&nbsp;Авиа-агентства Скайпасс <a href=\"http://www.oneplanetskypass.com\" target=\"_blank\">http://www.oneplanetskypass.com</a>/</p>\n<p><strong>&nbsp;Как выводить, наблюдать рост Кредитного сертификата? Страхуются ли вложения?</strong></p>\n<p>Кредитный сертификат выкупается Вебтрансфер Финанс по номинальной стоимости плюс курсовая надбавка, согласно расчетной <a href=\"../../page/kurs\" target=\"_blank\">таблице покупки-продажи Кредитных сертификатов</a>. Так же, Кредитный сертификат можно передать любому третьему лицу по курсовой стоимости, желающему приобрести Кредитный сертификат.</p>\n<p>Текущая стоимость Кредитного сертификата <a href=\"../../page/kurs\" target=\"_blank\">http://webtransfer-finance.ru/page/kurs</a></p>\n<p>Учет, хранение и обращение Кредитных сертификатов осуществляются в рамках платежной системы Webtransfer. Передача Кредитного сертификата в рамках системы осуществляется мгновенно, подтверждение операций по его передаче, в целях безопасности, происходят путем подтверждения платежным паролем, либо посредством СМС-пароля на мобильный телефон Владельца Кредитного сертификата.</p>\n<p><em><strong>Безопасность средств в Личном кабинете клиента застрахована крупнейшей российской страховой компанией <a href=\"http://rus.webtransfer.com/insurance.html\" target=\"_blank\">Ингосстрах</a>.</strong></em></p>\n<p><strong>&nbsp;Срок действия Кредитного сертификата?</strong></p>\n<p>Срок действия Кредитного сертификата определяется исходя из <a href=\"../../page/kurs\" target=\"_blank\">расчетной таблицы</a>.</p>\n<p>Окончанием срока действия Кредитного сертификата является &laquo;Даты обратной продажи&raquo;.</p>','questions',1,0,'Часто задаваемые вопросы,questions','Часто задаваемые вопросы'),(47,26,'','Расчетная таблица','<center><strong>Расчетная таблица (на 2 года вперёд) продажи/покупки Кредитных Сертификатов <br />(меняется 1го числа каждого месяца, в 00:00 по Москве)</strong></center><center><strong>&nbsp;</strong></center>\n<table class=\"invest\" width=\"100%\" cellspacing=\"2\" cellpadding=\"2\">\n<tbody>\n<tr><th>Дата приобретения<br />Кредитного сертификата</th><th>% в месяц от номинальной стоимости <br />Кредитного сертификата</th><th>Курс покупки/продажи <br />Кредитного сертификата в руб.</th></tr>\n<tr>\n<td class=\"first\">01.02.2013-28.02.2013</td>\n<td>-2%</td>\n<td class=\"last\"><span style=\"color: #000000;\">980 / 1000</span></td>\n</tr>\n<tr>\n<td class=\"first\">01.03.2013-31.03.2013</td>\n<td>0%</td>\n<td class=\"last\"><span style=\"color: #000000;\">1000 / 1020</span></td>\n</tr>\n<tr>\n<td class=\"first\">01.04.2013-30.04.2013</td>\n<td>2%</td>\n<td class=\"last\"><span style=\"color: #000000;\">1020 / 1040</span></td>\n</tr>\n<tr>\n<td class=\"first\">\n<h4><strong><span style=\"color: #ff0000;\">01.05.2013-31.05.2013</span></strong></h4>\n</td>\n<td>\n<h4><strong><span style=\"color: #ff0000;\">4%</span></strong></h4>\n</td>\n<td class=\"last\">\n<h4><strong><span style=\"color: #ff0000;\">1040 / 1060</span></strong></h4>\n</td>\n</tr>\n<tr>\n<td class=\"first\">01.06.2013-30.06.2013</td>\n<td>6%</td>\n<td class=\"last\">1060 / 1080</td>\n</tr>\n<tr>\n<td class=\"first\">01.07.2013-31.07.2013</td>\n<td>8%</td>\n<td class=\"last\">1080 / 1100</td>\n</tr>\n<tr>\n<td class=\"first\">01.08.2013-31.08.2013</td>\n<td>10%</td>\n<td class=\"last\">1100 / 1120</td>\n</tr>\n<tr>\n<td class=\"first\">01.09.2013-30.09.2013</td>\n<td>12%</td>\n<td class=\"last\">1120 / 1140</td>\n</tr>\n<tr>\n<td class=\"first\">01.10.2013-31.10.2013</td>\n<td>14%</td>\n<td class=\"last\">1140 / 1160</td>\n</tr>\n<tr>\n<td class=\"first\">01.11.2013-30.11.2013</td>\n<td>16%</td>\n<td class=\"last\">1160 / 1180</td>\n</tr>\n<tr>\n<td class=\"first\">01.12.2013-31.12.2013</td>\n<td>18%</td>\n<td class=\"last\">1180 / 1200</td>\n</tr>\n<tr>\n<td class=\"first\">01.01.2014-31.01.2014</td>\n<td>20%</td>\n<td class=\"last\">1200 / 1220</td>\n</tr>\n<tr>\n<td class=\"first\">01.02.2014-28.02.2014</td>\n<td>22%</td>\n<td class=\"last\">1220 / 1240</td>\n</tr>\n<tr>\n<td class=\"first\">01.03.2014-31.03.2014</td>\n<td>24%</td>\n<td class=\"last\">1240 / 1260</td>\n</tr>\n<tr>\n<td class=\"first\">01.04.2014-30.04.2014</td>\n<td>26%</td>\n<td class=\"last\">1260 / 1280</td>\n</tr>\n<tr>\n<td class=\"first\">01.05.2014-31.05.2014</td>\n<td>28%</td>\n<td class=\"last\">1280 / 1300</td>\n</tr>\n<tr>\n<td class=\"first\">01.06.2014-30.06.2014</td>\n<td>30%</td>\n<td class=\"last\">1300 / 1320</td>\n</tr>\n<tr>\n<td class=\"first\">01.07.2014-31.07.2014</td>\n<td>32%</td>\n<td class=\"last\">1320 / 1340</td>\n</tr>\n<tr>\n<td class=\"first\">01.08.2014-31.08.2014</td>\n<td>34%</td>\n<td class=\"last\">1340 / 1360</td>\n</tr>\n<tr>\n<td class=\"first\">01.09.2014-30.09.2014</td>\n<td>36%</td>\n<td class=\"last\">1360 / 1380</td>\n</tr>\n<tr>\n<td class=\"first\">01.10.2014-31.10.2014</td>\n<td>38%</td>\n<td class=\"last\">1380 / 1400</td>\n</tr>\n<tr>\n<td class=\"first\">01.11.2014-30.11.2014</td>\n<td>40%</td>\n<td class=\"last\">1400 / 1420</td>\n</tr>\n<tr>\n<td class=\"first\">01.12.2014-31.12.2014</td>\n<td>42%</td>\n<td class=\"last\">1420 / 1440</td>\n</tr>\n<tr>\n<td class=\"first\">01.01.2015-31.01.2015</td>\n<td>44%</td>\n<td class=\"last\">1440 / 1460</td>\n</tr>\n<tr>\n<td class=\"first\">01.02.2015-28.02.2015</td>\n<td>46%</td>\n<td class=\"last\">1460 / 1480</td>\n</tr>\n<tr>\n<td class=\"first\">01.03.2015-31.03.2015</td>\n<td>48%</td>\n<td class=\"last\">1480 / 1500</td>\n</tr>\n</tbody>\n</table>','kurs',1,4,'Расчетная таблица','Расчетная таблица'),(48,20,'10','Регистрация','<p>&nbsp;(*****Метка шаблона*****)</p>','register-partner',1,8,'регистрация партнеров','Регистрация партеров');
/*!40000 ALTER TABLE `pages` ENABLE KEYS */;
UNLOCK TABLES;

--
-- Table structure for table `sender`
--

DROP TABLE IF EXISTS `sender`;
/*!40101 SET @saved_cs_client     = @@character_set_client */;
/*!40101 SET character_set_client = utf8 */;
CREATE TABLE `sender` (
  `id` int(11) NOT NULL AUTO_INCREMENT,
  `title` varchar(40) CHARACTER SET utf8 NOT NULL,
  `name` varchar(40) CHARACTER SET utf8 NOT NULL,
  `text` text CHARACTER SET utf8 NOT NULL,
  `state` int(11) NOT NULL,
  `active` int(11) NOT NULL,
  PRIMARY KEY (`id`)
) ENGINE=MyISAM AUTO_INCREMENT=7 DEFAULT CHARSET=latin1;
/*!40101 SET character_set_client = @saved_cs_client */;

--
-- Dumping data for table `sender`
--

LOCK TABLES `sender` WRITE;
/*!40000 ALTER TABLE `sender` DISABLE KEYS */;
INSERT INTO `sender` (`id`, `title`, `name`, `text`, `state`, `active`) VALUES (1,'Успешная регистрация','welcome_regist','Уважаемый(ая) {{users.name}} {{users.sername}}!\n\nНа сайте http://webtransfer-finance.ru Вами была оформлена заявка на вложение денежных средств.\n\nВ свой личный кабинет  Вы можете войти используя вашу эл.почту и пароль на сайте http://webtransfer-finance.ru\n\nВаш логин: {{users.email}}\nВаш пароль: {{users.user_pass}}\n\nДля окончательного оформления договора вам нужно в разделе Мой профайл заполнить всю необходимую персональную информацию, если Вы ее еще внесли и загрузить копии требуемых документов.\n\nЕсли это письмо пришло к Вам по ошибке, не обращайте внимания и удалите его. Приносим свои извинения за доставленные неудобства.\n\nС уважением, \nWebtransfer Finance Ltd.\n\n \nАдрес: Пресненская набережная, 8, строение 1 \n(ММДЦ \"Москва-Сити\", башня \"Капитал Групп\"), 5 этаж \nТелефоны:\nпо России (звонки бесплатные): 8 800 100 9691\nпо Москве и Московской области: +7 495 229 3179\nЭл.Почта: support@webtransfer-finance.ru\nwww.webtransfer-finance.ru\nГрафик работы офиса: \n10:00 - 18:00 мск,\nвыходные - суббота, воскресенье. ',2,1),(5,'Статус Вклада','status_invest','Ваш вклад  в  статусе:  {{status}} ',2,1),(3,'Восстановление','forget','Уважаемый(ая) {{users.name}} {{users.sername}}\n\nМы получили заявку на восстановление пароля к Вашему аккаунту\n\nВаша информация для авторизации:\n\n Пароль:{{users.user_pass}}\n\nЕсли это письмо пришло к Вам по ошибке, не обращайте внимания и удалите его. Приносим свои извинения за доставленные неудобства.\n\nС уважением, \nWebtransfer Finance Ltd.\n\n \nАдрес: Пресненская набережная, 8, строение 1 \n(ММДЦ \"Москва-Сити\", башня \"Капитал Групп\"), 5 этаж \nТелефоны:\nпо России (звонки бесплатные): 8 800 100 9691\nпо Москве и Московской области: +7 495 229 3179\nЭл.Почта: support@webtransfer-finance.ru\nwww.webtransfer-finance.ru\nГрафик работы офиса: \n10:00 - 18:00 мск,\nвыходные - суббота, воскресенье. ',2,1),(4,'Новый пользователь','welcome_regist_admin','В системе, зарегестрирован новый пользователь.\n',1,1),(6,'Статус Кредита','status_credit','Ваш  кредит  в статусе: {{status}} ',2,1);
/*!40000 ALTER TABLE `sender` ENABLE KEYS */;
UNLOCK TABLES;

--
-- Table structure for table `settings`
--

DROP TABLE IF EXISTS `settings`;
/*!40101 SET @saved_cs_client     = @@character_set_client */;
/*!40101 SET character_set_client = utf8 */;
CREATE TABLE `settings` (
  `email` varchar(30) CHARACTER SET utf8 NOT NULL,
  `telephon` varchar(15) CHARACTER SET utf8 NOT NULL,
  `p_new_credior` varchar(11) NOT NULL,
  `p_old_credior` int(11) NOT NULL
) ENGINE=MyISAM DEFAULT CHARSET=latin1;
/*!40101 SET character_set_client = @saved_cs_client */;

--
-- Dumping data for table `settings`
--

LOCK TABLES `settings` WRITE;
/*!40000 ALTER TABLE `settings` DISABLE KEYS */;
INSERT INTO `settings` (`email`, `telephon`, `p_new_credior`, `p_old_credior`) VALUES ('support@webtransfer-finance.ru','8 800 100 9691','1.5',1);
/*!40000 ALTER TABLE `settings` ENABLE KEYS */;
UNLOCK TABLES;

--
-- Table structure for table `shablon`
--

DROP TABLE IF EXISTS `shablon`;
/*!40101 SET @saved_cs_client     = @@character_set_client */;
/*!40101 SET character_set_client = utf8 */;
CREATE TABLE `shablon` (
  `id_shablon` int(11) NOT NULL AUTO_INCREMENT,
  `sh_title` varchar(20) CHARACTER SET utf8 NOT NULL,
  `sh_content` text CHARACTER SET utf8 NOT NULL,
  PRIMARY KEY (`id_shablon`)
) ENGINE=MyISAM AUTO_INCREMENT=11 DEFAULT CHARSET=latin1;
/*!40101 SET character_set_client = @saved_cs_client */;

--
-- Dumping data for table `shablon`
--

LOCK TABLES `shablon` WRITE;
/*!40000 ALTER TABLE `shablon` DISABLE KEYS */;
INSERT INTO `shablon` (`id_shablon`, `sh_title`, `sh_content`) VALUES (1,'Обратная связь','<div id=\"terget1\"></div>\r\n<form action=\"/ask/feedback\" onSubmit=\"return false\" method=\"post\" id=\"request\">	  \r\n			<div class=\"input clearfix\">\r\n                        <input type=\"text\" id=\"ob_name\" name=\"name\" class=\"validate[required,custom[onlyLetterSp,minSize[3],maxSize[15]]]\" value=\"\" />\r\n                        <label for=\"name\">Имя <span>*</span></label>\r\n                          </div> \r\n                   \r\n					 <div class=\"input clearfix\">\r\n                        <input type=\"text\" id=\"ob_tel\" name=\"telephone\" class=\"validate[required,custom[phone]]\" value=\"\" />\r\n						<label for=\"day\">Сот. Телефон<span>*</span></label>\r\n                    </div>\r\n					<div class=\"input clearfix\">\r\n                        <input type=\"text\" id=\"ob_email\" name=\"email\" class=\"validate[required,custom[email]]\" value=\"\" />\r\n						<label for=\"day\">Эл.Почта<span>*</span></label>\r\n                    </div>\r\n\r\n					\r\n                    <div class=\"input clearfix\">\r\n                        <textarea name=\"text\" id=\"ob_text\" style=\"margin-left:35px;width:315px;height:200px;\"  class=\"validate[required]\" ></textarea>\r\n                        <label for=\"name\">Сообщение <span>*</span></label>\r\n                          </div> \r\n                   \r\n                    <div class=\"input clearfix\">\r\n                        <div class=\"button\" style=\"float:right;\"><a href=\"\" onclick=\"$(\'#request\').submit(); return false\">Отправить</a></div>\r\n                    </div>                 \r\n                </form>\r\n<script>$(function(){$(\".selectBox-dropdown\").css(\"width\",\"120\");})</script>'),(2,'Калькулятор','Калькулятор<textarea>'),(5,'Запрос вклада','<div id=\"terget1\"></div>\r\n<form action=\"/ask/feedback\" onSubmit=\"return false\" method=\"post\" id=\"request\">	  \r\n			<div class=\"input clearfix\">\r\n                        <input type=\"text\" id=\"ob_name\" name=\"name\" class=\"validate[required,custom[onlyLetterSp,minSize[3],maxSize[15]]]\" value=\"\" />\r\n                        <label for=\"name\">Имя <span>*</span></label>\r\n                          </div> \r\n                   \r\n					 <div class=\"input clearfix\">\r\n                        <input type=\"text\" id=\"ob_tel\" name=\"telephone\" class=\"validate[required,custom[phone]]\" value=\"\" />\r\n						<label for=\"day\">Сот. Телефон<span>*</span></label>\r\n                    </div>\r\n					<div class=\"input clearfix\">\r\n                        <input type=\"text\" id=\"ob_email\" name=\"email\" class=\"validate[required,custom[email]]\" value=\"\" />\r\n						<label for=\"day\">Эл.Почта<span>*</span></label>\r\n                    </div>\r\n\r\n	<div class=\"input clearfix\">\r\n                        <input type=\"text\" id=\"amount\" name=\"amount\" class=\"\" value=\"\" />\r\n						<label for=\"day\">Сумма вклада<span>*</span></label>\r\n                    </div>				\r\n                    <div class=\"input clearfix\">\r\n                        <textarea name=\"text\" id=\"ob_text\" style=\"margin-left:35px;height:200px;width:315px;\"  class=\"validate[required]\" ></textarea>\r\n                        <label for=\"name\">Сообщение <span>*</span></label>\r\n                          </div> \r\n                   \r\n                    <div class=\"input clearfix\">\r\n                        <div class=\"button\" style=\"float:right;\"><a href=\"\" onclick=\"$(\'#request\').submit(); return false\">Отправить</a></div>\r\n                    </div>                 \r\n                </form>\r\n<script>$(function(){$(\".selectBox-dropdown\").css(\"width\",\"120\");})</script>'),(4,'Регистрация',' <link rel=\"stylesheet\" href=\"/css/user/form_reg.css\" type=\"text/css\" media=\"screen\" />\n<script type=\"text/javascript\" src=\"/js/admin/plugins/forms/jquery.maskedinput.min.js\"></script>\n<script type=\"text/javascript\" src=\"/js/user/jquery-ui-personalized-1.5.3.packed.js\"></script>\n<script type=\"text/javascript\" src=\"/js/user/ui.datepicker-ru.js\"></script>\n<script type=\"text/javascript\" src=\"http://ajax.googleapis.com/ajax/libs/jqueryui/1.8/jquery-ui.min.js\"></script>\n<script type=\"text/javascript\" src=\"/js/user/accounting.min.js\"></script>\n<script type=\"text/javascript\" src=\"/js/admin/plugins/wizard/jquery.form.js\"></script>\n<script type=\"text/javascript\" src=\"/js/user/jquery.validate.js\"></script>\n<script type=\"text/javascript\" src=\"/js/admin/plugins/wizard/jquery.form.wizard.js\"></script>\n<script type=\"text/javascript\" src=\"/js/user/additional-methods.js\"></script>\n<script type=\"text/javascript\" src=\"/js/user/messages_ru.js\"></script>\n<script type=\"text/javascript\" src=\"/js/user/form_reg.js\"></script>\n<script type=\"text/javascript\">\n$(document).ready(function() {\n\n// слайдер\n	//===== jQuery UI sliders =====//	\n\n\n\n			val_t=$.cookie(\'form_time\');\n			val_s=$.cookie(\'form_summ\');\n			if(val_t==null)val_t=10;\n			else val_t=val_t.replace(/ дней/gi ,\"\")\n			if(val_s==null)val_s=10;\n			else val_s=val_s.replace(/ 000 руб./gi ,\"\")\n			\n	$( \".uiMinRange\" ).slider({ /* Slider with minimum */\n		range: \"min\",\n		value: val_s,\n		min: 1,\n		max: 20,\n		slide: function( event, ui ) {\n			$( \"#minRangeAmount\" ).val( \"\" + ui.value +\" 000 руб.\");\n			change2();\n		}\n	});\n\n	if($.cookie(\'form_summ\')!=null) this_summ=$.cookie(\'form_summ\')\n	else this_summ=$( \".uiMinRange\" ).slider( \"value\" )+\" 000 руб.\" ;\n	$( \"#minRangeAmount\" ).val( this_summ );\n	\n				\n	$( \".uiMinRange2\" ).slider({ /* Slider with minimum */\n		range: \"min\",\n		value: val_t,\n		min: 1,\n		max: 35,\n		slide: function( event, ui ) {\n			$( \"#minRangeAmount2\" ).val(  + ui.value +\" дней\");\n			change2();\n		}\n	});\n		if($.cookie(\'form_time\')!=null) this_time=$.cookie(\'form_time\')\n	else this_time=$( \".uiMinRange2\" ).slider( \"value\" )+\" дней\";\n	$( \"#minRangeAmount2\" ).val(this_time) ;\n	\n	\n\nchange2();\nfunction change2(){\nsumm=parseInt($(\"#minRangeAmount\").val().replace(/ руб./gi ,\"\").replace(/ /,\"\"));\ntime=$(\"#minRangeAmount2\").val().replace(/ дней/gi ,\"\");\n percent=$(\'#percent\').attr(\'name\');\n\nout_per= percent*time;\n per= percent/100*time;\nout_sum= summ +  summ*per;\n\nout_sum=Math.round(out_sum);\nout_sum=accounting.formatNumber(out_sum)\n$(\"#summ_to_return\").val(out_sum.replace(/,/,\" \")+\" руб.\")\n\n \n}\n\n\n\n\n\n	});\n	$(function(){$(\"#form_login\").validationEngine();});\n</script>\n\n\n<script>\n$(function()\n{\n$(\'#sv_fact_dres\').change(function()\n	{\n		if($(this).val()==1)\n		{\n		$(\'input[name=r_house]\').val($(\'input[name=f_house]\').val());\n		$(\'input[name=r_index]\').val($(\'input[name=f_index]\').val());\n		$(\'input[name=r_town]\').val($(\'input[name=f_town]\').val());\n		$(\'input[name=r_street]\').val($(\'input[name=f_street]\').val());\n		$(\'input[name=r_flat]\').val($(\'input[name=f_flat]\').val());\n		$(\'input[name=r_kc]\').val($(\'input[name=f_kc]\').val());\n		\n		\n		}\n	});\n	\n	$(\'input[name=form_check]\').change(function(){\n	\n	val=$(this).val();\n	if(val==1)$(\'input[name=form_check].form_check1\').attr(\'checked\',\'checked\');\n	else $(\'input[name=form_check].form_check2\').attr(\'checked\',\'checked\');\n	\n	})\n	\n	/*$(\'.title\').click(function(){\n	var val=$(\'input[name=phone]\').val();\n	var regexp = /\\(([0-9]{3})\\)\\s([0-9]{3})-([0-9]{3})/g;\n\nvar newtext = val.replace(regexp, \'$1$2$3\');\n\n	$(\'input[name=phone]\').val(newtext); })*/\n});\n\n</script>\n\n<!-- Wizard with custom fields validation -->\n<div class=\"widget\">\n<div class=\"title\"><img class=\"titleIcon\" src=\"images/icons/dark/pencil.png\" alt=\"\" />\n<h6>Регистрация</h6>\n</div>\n<form id=\"form_login\" class=\"form_login form\" style=\"display: none;\" action=\"\" method=\"post\" name=\"login\" onsubmit=\"return false\">\n<div id=\"status_answer\"  style=\"display:  none\"></div>\n<div class=\"formRow\">Вы впервые берёте займ в нашей компании?<input class=\"form_check1\" type=\"radio\" name=\"form_check\" value=\"1\" checked=\"checked\" />Да <input class=\"form_check2\" type=\"radio\" name=\"form_check\" value=\"2\" />Нет\n<div class=\"formRight\"></div>\n<div class=\"clear\"></div>\n</div>\n<div class=\"formRow\">\n<h3 style=\"text-align: center;\">Вход для клиентов</h3>\n<div class=\"clear\"></div>\n</div>\n<div class=\"formRow\"><label>Логин:</label>\n<div class=\"formRight\"><input id=\"123\" class=\"validate[required]\" type=\"text\" name=\"login\" value=\"\" /></div>\n<div class=\"clear\"></div>\n</div>\n<div class=\"formRow\"><label>Пароль:</label>\n<div class=\"formRight\"><input id=\"1234\" class=\"validate[required]\" type=\"password\" name=\"password\" value=\"\" /></div>\n<div class=\"clear\"></div>\n</div>\n<div id=\"login_answer\" style=\"color: red; font-style: italic; bold: 700; font-size: 14px; text-align: center;\"></div>\n<div style=\"text-align: right; height: 120px;\"><a class=\"forgot\" style=\"margin-right: 20px;\" href=\"/ask/forget\">Забыли пароль?</a>\n<div class=\"button\" style=\"right: 20px; position: absolute;\"><input type=\"submit\" value=\"\" />Войти</div>\n</div>\n</form><form id=\"wizard2\" class=\"form\" action=\"/registration\" method=\"post\"><fieldset id=\"w2first\" class=\"step\">\n<input type=\"hidden\" name=\"type\" value=\"1\" />\n<div class=\"formRow\">Вы впервые берёте займ в нашей компании?<input class=\"form_check1\" type=\"radio\" name=\"form_check\" value=\"1\" checked=\"checked\" />Да <input class=\"form_check2\" type=\"radio\" name=\"form_check\" value=\"2\" />Нет\n<div class=\"formRight\"></div>\n<div class=\"clear\"></div>\n</div>\n\n           <div class=\"formRow bigRow\">\n                <label>Сумма:</label>\n                <span id=\"percent\" name=\"<?=$setting->p_new_credior?>\"></span>\n                <div class=\"formRight\">\n                    <div class=\"sliderSpecs \">\n                        <label for=\"minRangeAmount\" class=\"\"></label><input type=\"text\" name=\"summ\" id=\"minRangeAmount\" />\n                        <div class=\"clear\"></div>\n                    </div>\n                    <div class=\"slider1\" style=\"margin:10px 0 -10px -60px\">\n                    <div id=\"priceSlider\" class=\"uiMinRange\"></div>\n                    </div>\n                </div>\n                <div class=\"clear\"></div>\n            </div>\n                        <div class=\"formRow bigRow\">\n                <label>Срок:</label>\n                <div class=\"formRight\">\n                    <div class=\"sliderSpecs\">\n                        <label for=\"minRangeAmount\"></label><input type=\"text\"  name=\"time\" id=\"minRangeAmount2\" />\n                        <div class=\"clear\"></div>\n                    </div>\n                    <div class=\"slider2\" style=\"margin:10px 0 -10px -60px\">\n                    <div id=\"timeSlider\" class=\"uiMinRange2\"></div>\n                    </div>\n                </div>\n                <div class=\"clear\"></div>\n            </div>\n<div class=\"formRow\"><label>Сумма возврата</label>\n<div class=\"formRight\"><input id=\"summ_to_return\" type=\"text\" value=\"\" disabled=\"disabled\" /></div>\n<div class=\"clear\"></div>\n</div>\n<div class=\"formRow\"><label>Имя<span class=\"req\">*</span></label>\n<div class=\"formRight\"><input type=\"text\" name=\"n_name\" /></div>\n<div class=\"clear\"></div>\n</div>\n<div class=\"formRow\"><label>Фамилия<span class=\"req\">*</span></label>\n<div class=\"formRight\"><input type=\"text\" name=\"f_name\" /></div>\n<div class=\"clear\"></div>\n</div>\n<div class=\"formRow\"><label>Отчество<span class=\"req\">*</span></label>\n<div class=\"formRight\"><input type=\"text\" name=\"o_name\" /></div>\n<div class=\"clear\"></div>\n</div>\n<div class=\"formRow\"><label>Телефон<span class=\"req\">*</span></label>\n<div class=\"formRight\"><input class=\"maskPhone\" type=\"text\" name=\"phone\" value=\"\" /></div>\n<div class=\"clear\"></div>\n</div>\n<div class=\"formRow\"><label>Регион проживания</label>\n<div class=\"formRight\" style=\"margin-top:-10px;\"><select name=\"place\">\n<option value=\"1\">Москва</option>\n<option value=\"2\">Mосковская область</option>\n</select></div>\n<div class=\"clear\"></div>\n</div>\n\n<div class=\"formRow\"><label>E-mail<span class=\"req\">*</span></label>\n<div class=\"formRight\"><input id=\"form_email\" type=\"text\" name=\"email\" /></div>\n<div class=\"clear\"></div>\n</div>\n\n<div class=\"formRow\"><label>Пароль<span class=\"req\">*</span></label>\n<div class=\"formRight\"><input id=\"form_password\" type=\"password\" name=\"password\" value=\"\" /></div>\n<div class=\"clear\"></div>\n</div>\n<div class=\"formRow\"><label>Повторите пароль<span class=\"req\">*</span></label>\n<div class=\"formRight\"><input type=\"password\" name=\"password2\" value=\"\" /></div>\n<div class=\"clear\"></div>\n</div>\n<div class=\"title\"><img class=\"titleIcon\" src=\"images/icons/dark/pencil.png\" alt=\"\" />\n<h6>Место работы</h6>\n</div>\n<div class=\"formRow\"><label>Название организации</label>\n<div class=\"formRight\"><input type=\"text\" name=\"w_name\" /></div>\n<div class=\"clear\"></div>\n</div>\n<div class=\"formRow\"><label>Количесто сотрудников</label>\n<div class=\"formRight\" style=\"margin-top:-10px;\"><select name=\"empl_no\">\n<option value=\"1\">До 5 чел.</option>\n<option value=\"1\">От 6 до 10 чел.</option>\n<option value=\"2\">От 11 до 20 чел.</option>\n<option value=\"3\">От 21 до 50 чел.</option>\n<option value=\"4\">От 51 до 100 чел.</option>\n<option value=\"5\">Больше чем 100 чел.</option>\n</select></div>\n<div class=\"clear\"></div>\n</div>\n<div class=\"formRow\"><label>Адрес</label>\n<div class=\"formRight\" style=\"margin-top:-10px;\"><select name=\"bcenter\">\n<option value=\"1\">Выбор Бизнес Центра</option>\n<option value=\"1\">Аврора </option>\n<option value=\"2\">Башня 2000 </option>\n<option value=\"3\">Башня на набережной </option>\n<option value=\"4\">Башня Федерация </option>\n<option value=\"5\">Газойл Плаза </option>\n<option value=\"6\">Город Столиц </option>\n<option value=\"7\">Легион </option>\n<option value=\"8\">Лотте Плаза </option>\n<option value=\"9\">Новинский Пассаж </option>\n<option value=\"10\">Романов двор </option>\n<option value=\"11\">Серебряный город </option>\n<option value=\"12\">Усадьба Центр </option>\n<option value=\"13\">Central City Tower </option>\n<option value=\"14\">Four Winds Plaza </option>\n<option value=\"15\">White Square</option>\n<option value=\"16\">Другое</option>\n</select></div>\n<div class=\"clear\"></div>\n</div>\n<div class=\"formRow\"><label>Должность</label>\n<div class=\"formRight\"><input type=\"text\" name=\"w_who\" /></div>\n<div class=\"clear\"></div>\n</div>\n<div class=\"formRow\"><label>Стаж</label>\n<div class=\"formRight\"><input type=\"text\" name=\"w_time\" /></div>\n<div class=\"clear\"></div>\n</div>\n<div class=\"formRow\"><label>Рабочий телефон</label>\n<div class=\"formRight\"><input type=\"text\" name=\"w_phone\" /></div>\n<div class=\"clear\"></div>\n</div>\n<div class=\"formRow\"><label>Среднемесячный доход</label>\n<div class=\"formRight\"><input type=\"text\" name=\"w_money\" /></div>\n<div class=\"clear\"></div>\n</div>\n\n<div class=\"formRow\"><label><input type=\"checkbox\" name=\"agree\" value=\"1\" /> Согласие на передачу и обработку персональных данных</label>\n<div class=\"formRight\"></div>\n<div class=\"clear\"></div>\n</div>\n</fieldset>\n<div class=\"wizButtons\">\n<div id=\"status2\" class=\"status\"></div>\n<span class=\"wNavButtons\"> <input id=\"back2\" class=\"basic\" type=\"reset\" value=\"Назад\" /> <input id=\"next2\" class=\"blueB ml10\" type=\"submit\" value=\"Далее\" /> </span></div>\n<div class=\"clear\"></div>\n</form>\n<div id=\"w2\" class=\"data\"></div>\n</div>\n<div class=\"clearfix\"></div>'),(6,'Запрос на партнерств','<div id=\"terget1\"></div>\r\n<form action=\"/ask/feedback\" onSubmit=\"return false\" method=\"post\" id=\"request\">	  \r\n			<div class=\"input clearfix\">\r\n                        <input type=\"text\" id=\"ob_name\" name=\"name\" class=\"validate[required,custom[onlyLetterSp,minSize[3],maxSize[15]]]\" value=\"\" />\r\n                        <label for=\"name\">Имя <span>*</span></label>\r\n                          </div> \r\n                   \r\n					 <div class=\"input clearfix\">\r\n                        <input type=\"text\" id=\"ob_tel\" name=\"telephone\" class=\"validate[required,custom[phone]]\" value=\"\" />\r\n						<label for=\"day\">Сот. Телефон<span>*</span></label>\r\n                    </div>\r\n					<div class=\"input clearfix\">\r\n                        <input type=\"text\" id=\"ob_email\" name=\"email\" class=\"validate[required,custom[email]]\" value=\"\" />\r\n						<label for=\"day\">Эл.Почта<span>*</span></label>\r\n                    </div>\r\n\r\n	<div class=\"input clearfix\">\r\n                        <input type=\"text\" id=\"amount\" name=\"amount\" class=\"\" value=\"\" />\r\n						<label for=\"day\">Адрес сайта<span>*</span></label>\r\n                    </div>				\r\n                    <div class=\"input clearfix\">\r\n                        <textarea name=\"text\" id=\"ob_text\" style=\"margin-left:35px;height:200px;width:315px;\"  class=\"validate[required]\" ></textarea>\r\n                        <label for=\"name\">Сообщение <span>*</span></label>\r\n                          </div> \r\n                   \r\n                    <div class=\"input clearfix\">\r\n                        <div class=\"button\" style=\"float:right;\"><a href=\"\" onclick=\"$(\'#request\').submit(); return false\">Отправить</a></div>\r\n                    </div>                 \r\n                </form>\r\n<script>$(function(){$(\".selectBox-dropdown\").css(\"width\",\"120\");})</script>'),(7,'Регистрация инвестор',' <link rel=\"stylesheet\" href=\"/css/user/form_reg.css\" type=\"text/css\" media=\"screen\" />\n<script type=\"text/javascript\" src=\"/js/admin/plugins/forms/jquery.maskedinput.min.js\"></script>\n<script type=\"text/javascript\" src=\"/js/user/jquery-ui-personalized-1.5.3.packed.js\"></script>\n<script type=\"text/javascript\" src=\"/js/user/ui.datepicker-ru.js\"></script>\n<script type=\"text/javascript\" src=\"http://ajax.googleapis.com/ajax/libs/jqueryui/1.8/jquery-ui.min.js\"></script>\n<script type=\"text/javascript\" src=\"/js/user/accounting.min.js\"></script>\n<script type=\"text/javascript\" src=\"/js/admin/plugins/wizard/jquery.form.js\"></script>\n<script type=\"text/javascript\" src=\"/js/user/jquery.validate.js\"></script>\n<script type=\"text/javascript\" src=\"/js/admin/plugins/wizard/jquery.form.wizard.js\"></script>\n<script type=\"text/javascript\" src=\"/js/user/additional-methods.js\"></script>\n<script type=\"text/javascript\" src=\"/js/user/messages_ru.js\"></script>\n<script type=\"text/javascript\" src=\"/js/user/form_reg.js\"></script>\n<script type=\"text/javascript\">\n\n\n	$(function(){\n$(\"#form_login\").validationEngine();\n\n$(\'select[name=vklad]\').change(function(){count_res()})\n\n\n$(\'input[name=n_vklad]\').keyup(function(){count_res()})\n});\n\nfunction count_res()\n{\n\nvar summ=$(\'input[name=n_vklad]\').val()\nvar plan=$(\'select[name=vklad]\').val()\nswitch(plan)\n{\n<?=get_vklad()?>\n}\nif(nal==1)nal=\"Ежемесячно\"\nelse nal=\"В конце срока\"\nsum_bon =summ * ((bonus/100)+1);\nout_summ=sum_bon *( ( (percent/100) /12) * month);\nout_summ_m=Math.round(sum_bon *( (percent/100) /12)* 100) / 100\n\nout_summ=Math.round(out_summ* 100) / 100\n$(\'input[name=month]\').val(month+\" мес.\")\n$(\'input[name=percent]\').val(percent+\" %\")\n$(\'input[name=nachislenie]\').val(nal)\n$(\'input[name=vmesyaz]\').val(out_summ_m)\n$(\'input[name=pribil]\').val(out_summ+\" руб.\")\n\n\n}\n\n\n$(function()\n{\n$(\'#sv_fact_dres\').change(function()\n	{\n		if($(this).val()==1)\n		{\n		$(\'input[name=r_house]\').val($(\'input[name=f_house]\').val());\n		$(\'input[name=r_index]\').val($(\'input[name=f_index]\').val());\n		$(\'input[name=r_town]\').val($(\'input[name=f_town]\').val());\n		$(\'input[name=r_street]\').val($(\'input[name=f_street]\').val());\n		$(\'input[name=r_flat]\').val($(\'input[name=f_flat]\').val());\n		$(\'input[name=r_kc]\').val($(\'input[name=f_kc]\').val());\n		\n		\n		}\n	});\n	\n	$(\'input[name=form_check]\').change(function(){\n	\n	val=$(this).val();\n	if(val==1)$(\'input[name=form_check].form_check1\').attr(\'checked\',\'checked\');\n	else $(\'input[name=form_check].form_check2\').attr(\'checked\',\'checked\');\n	\n	})\n	\n	/*$(\'#wizard2\').submit(function(){\n	var val=$(\'input[name=phone]\').val();\n	var regexp = /\\(([0-9]{3})\\)\\s([0-9]{3})-([0-9]{3})/g;\n\nvar newtext = val.replace(regexp, \'$1$2$3\');\n\n	$(\'input[name=phone]\').val(newtext); })*/\n});\n\n</script>\n\n<!-- Wizard with custom fields validation -->\n<div class=\"widget\">\n<div class=\"title\"><img class=\"titleIcon\" src=\"images/icons/dark/pencil.png\" alt=\"\" />\n<h6>Регистрация</h6>\n</div>\n<form id=\"form_login\" class=\"form_login form\" style=\"display: none;\" action=\"\" method=\"post\" name=\"login\" onsubmit=\"return false\">\n<div id=\"status_answer\"  style=\"display:  none\"></div>\n<div class=\"formRow\">Вы впервые вкладываете деньги в нашей компании?<input class=\"form_check1\" type=\"radio\" name=\"form_check\" value=\"1\" checked=\"checked\" />Да <input class=\"form_check2\" type=\"radio\" name=\"form_check\" value=\"2\" />Нет\n<div class=\"formRight\"></div>\n<div class=\"clear\"></div>\n</div>\n<div class=\"formRow\">\n<h3 style=\"text-align: center;\">Вход для клиентов</h3>\n<div class=\"clear\"></div>\n</div>\n<div class=\"formRow\"><label>Логин:</label>\n<div class=\"formRight\"><input id=\"123\" class=\"validate[required]\" type=\"text\" name=\"login\" value=\"\" /></div>\n<div class=\"clear\"></div>\n</div>\n<div class=\"formRow\"><label>Пароль:</label>\n<div class=\"formRight\"><input id=\"1234\" class=\"validate[required]\" type=\"password\" name=\"password\" value=\"\" /></div>\n<div class=\"clear\"></div>\n</div>\n<div id=\"login_answer\" style=\"color: red; font-style: italic; bold: 700; font-size: 14px; text-align: center;\"></div>\n<div style=\"text-align: right; height: 120px;\"><a class=\"forgot\" style=\"margin-right: 20px;\" href=\"/ask/forget\">Забыли пароль?</a>\n<div class=\"button\" style=\"right: 20px; position: absolute;\"><input type=\"submit\" value=\"\" />Войти</div>\n</div>\n</form><form id=\"wizard2\" class=\"form\" action=\"/registration\" method=\"post\"><fieldset id=\"w2first\" class=\"step\">\n<input type=\"hidden\" name=\"type\" value=\"2\" />\n<div class=\"formRow\">Вы впервые вкладываете деньги в нашей компании?<input class=\"form_check1\" type=\"radio\" name=\"form_check\" value=\"1\" checked=\"checked\" />Да <input class=\"form_check2\" type=\"radio\" name=\"form_check\" value=\"2\" />Нет\n<div class=\"formRight\"></div>\n<div class=\"clear\"></div>\n</div>\n\n          <div class=\"formRow\"><label>Сумма Вклада<span class=\"req\">*</span></label>\n<div class=\"formRight\"><input type=\"text\" name=\"n_vklad\" /></div>\n<div class=\"clear\"></div>\n</div>\n                        <div class=\"formRow\"><label>Тип вклада</label>\n<div class=\"formRight\"><select name=\"vklad\">\n<?=get_menu_vklad()?>\n</select></div>\n                <div class=\"clear\"></div>\n            </div>\n<div class=\"formRow\"><label>Детали вклада</label>\n<div class=\"formRight\">\n<span class=\"oneFour\" style=\"font-size:11px;margin-right:10px;width:38px;\">срок:<br/><input type=\"text\" name=\'month\' value=\"\" /></span>\n<span class=\"oneFour\" style=\"font-size:11px;margin-right:10px;width:71px;\">% ставка/год:<br/><input type=\"text\" name=\'percent\' value=\"\" /></span>\n<span class=\"oneFour\" style=\"font-size:11px;margin-right:10px;width:72px;\">начисление:<br/><input type=\"text\" name=\"nachislenie\" value=\"\" /></span>\n<span class=\"oneFour\" style=\"font-size: 11px; margin-right: 10px; width: 57px;\">прибыль/мес:<br><input type=\"text\" class=\"ui-wizard-content\" name=\"vmesyaz\" value=\"\"></span>\n<span class=\"oneFour\" style=\"font-size:11px;margin-right:0px;width:126px;\">прибыль на конец срока:<br/><input type=\"text\" name=\"pribil\" value=\"\" /></span>\n</div>\n<div class=\"clear\"></div>\n</div>\n<div class=\"formRow\"><label>Имя<span class=\"req\">*</span></label>\n<div class=\"formRight\"><input type=\"text\" name=\"n_name\" /></div>\n<div class=\"clear\"></div>\n</div>\n<div class=\"formRow\"><label>Фамилия<span class=\"req\">*</span></label>\n<div class=\"formRight\"><input type=\"text\" name=\"f_name\" /></div>\n<div class=\"clear\"></div>\n</div>\n<div class=\"formRow\"><label>Отчество<span class=\"req\">*</span></label>\n<div class=\"formRight\"><input type=\"text\" name=\"o_name\" /></div>\n<div class=\"clear\"></div>\n</div>\n<div class=\"formRow\"><label>Телефон<span class=\"req\">*</span></label>\n<div class=\"formRight\"><input class=\"maskPhone\" type=\"text\" name=\"phone\" value=\"\" /></div>\n<div class=\"clear\"></div>\n</div>\n<div class=\"formRow\"><label>Регион проживания</label>\n<div class=\"formRight\" style=\"margin-top:-10px;\"><select class=\"required\" data-name=\"Регион проживания\" id=\"REGION_SELECT\" name=\"place\" tabindex=\"14\">\n                                              <option value=\"\" selected> </option>\n                  <option value=\"1\" >Москва</option>\n                  <option value=\"2\" >Mосковская область</option>\n                  <option value=\"439\" >Архангельск и область</option>\n                  <option value=\"425\" >Астрахань и область</option>\n                  <option value=\"381\" >Барнаул и Алтайский край</option>\n                  <option value=\"423\" >Белгород и область</option>\n                  <option value=\"20\" >Брянск и область</option>\n                  <option value=\"133\" >Владимир и область</option>\n                  <option value=\"424\" >Волгоград и область</option>\n                  <option value=\"435\" >Вологда и область</option>\n                  <option value=\"141\" >Воронеж и область</option>\n                  <option value=\"430\" >Екатеринбург и область</option>\n                  <option value=\"21\" >Иваново и область</option>\n                  <option value=\"151\" >Ижевск и Удмуртская республика</option>\n                  <option value=\"24\" >Йошкар-Ола и Республика Марий Эл</option>\n                  <option value=\"429\" >Иркутск и область</option>\n                  <option value=\"27\" >Казань и Республика Татарстан</option>\n                  <option value=\"3\" >Калуга и область</option>\n                  <option value=\"23\" >Киров и область</option>\n                  <option value=\"440\" >Кострома и область</option>\n                  <option value=\"142\" >Краснодар и край</option>\n                  <option value=\"383\" >Красноярск и край</option>\n                  <option value=\"143\" >Курск и область</option>\n                  <option value=\"4\" >Липецк и область</option>\n                  <option value=\"216\" >Мурманск и область</option>\n                  <option value=\"144\" >Нижний Новгород и область</option>\n                  <option value=\"432\" >Новосибирск и область</option>\n                  <option value=\"384\" >Омск и область</option>\n                  <option value=\"35\" >Орел и область</option>\n                  <option value=\"134\" >Оренбург и область</option>\n                  <option value=\"135\" >Пенза и область</option>\n                  <option value=\"145\" >Пермь и край</option>\n                  <option value=\"146\" >Петрозаводск и республика Карелия</option>\n                  <option value=\"34\" >Ростов на Дону и область</option>\n                  <option value=\"16\" >Рязань и область</option>\n                  <option value=\"33\" >Самара и область</option>\n                  <option value=\"170\" >Санкт-Петербург и Ленинградская область</option>\n                  <option value=\"25\" >Саранск и Республика Мордовия</option>\n                  <option value=\"36\" >Саратов и область</option>\n                  <option value=\"17\" >Смоленск и область</option>\n                  <option value=\"136\" >Ставрополь и край</option>\n                  <option value=\"148\" >Тамбов и область</option>\n                  <option value=\"18\" >Тверь и область</option>\n                  <option value=\"428\" >Томск и область</option>\n                  <option value=\"19\" >Тула и область</option>\n                  <option value=\"431\" >Тюмень и область</option>\n                  <option value=\"137\" >Ульяновск и область</option>\n                  <option value=\"26\" >Уфа и Республика Башкортостан</option>\n                  <option value=\"433\" >Хабаровск</option>\n                  <option value=\"149\" >Чебоксары и Чувашская республика</option>\n                  <option value=\"434\" >Челябинск и область</option>\n                  <option value=\"22\" >Ярославль и область</option>\n                  <option value=\"999999\" >Другой регион</option>\n                                           </select></div>\n<div class=\"clear\"></div>\n</div>\n<div class=\"formRow\"><label>E-mail<span class=\"req\">*</span></label>\n<div class=\"formRight\"><input id=\"form_email\" type=\"text\" name=\"email\" /></div>\n<div class=\"clear\"></div>\n</div>\n<div class=\"formRow\"><label>Пароль<span class=\"req\">*</span></label>\n<div class=\"formRight\"><input id=\"form_password\" type=\"password\" name=\"password\" value=\"\" /></div>\n<div class=\"clear\"></div>\n</div>\n<div class=\"formRow\"><label>Повторите пароль<span class=\"req\">*</span></label>\n<div class=\"formRight\"><input type=\"password\" name=\"password2\" value=\"\" /></div>\n<div class=\"clear\"></div>\n</div>\n<div class=\"formRow\"><label><input type=\"checkbox\" name=\"agree\" value=\"1\" /> Согласие на передачу и обработку персональных данных</label>\n<div class=\"formRight\"></div>\n<div class=\"clear\"></div>\n</div>\n</fieldset>\n<div class=\"wizButtons\">\n<div id=\"status2\" class=\"status\"></div>\n<span class=\"wNavButtons\"> <input id=\"back2\" class=\"basic\" type=\"reset\" value=\"Назад\" /> <input id=\"next2\" class=\"blueB ml10\" type=\"submit\" value=\"Далее\" /> </span></div>\n<div class=\"clear\"></div>\n</form>\n<div id=\"w2\" class=\"data\"></div>\n</div>\n<div class=\"clearfix\"></div>'),(9,'Калькулятор инвестор',' <link rel=\"stylesheet\" href=\"/css/user/form_reg.css\" type=\"text/css\" media=\"screen\" />\r\n<script type=\"text/javascript\" src=\"/js/admin/plugins/forms/jquery.maskedinput.min.js\"></script>\r\n<script type=\"text/javascript\" src=\"/js/user/jquery-ui-personalized-1.5.3.packed.js\"></script>\r\n<script type=\"text/javascript\" src=\"/js/user/ui.datepicker-ru.js\"></script>\r\n<script type=\"text/javascript\" src=\"http://ajax.googleapis.com/ajax/libs/jqueryui/1.8/jquery-ui.min.js\"></script>\r\n<script type=\"text/javascript\" src=\"/js/user/accounting.min.js\"></script>\r\n<script type=\"text/javascript\" src=\"/js/admin/plugins/wizard/jquery.form.js\"></script>\r\n<script type=\"text/javascript\" src=\"/js/user/jquery.validate.js\"></script>\r\n<script type=\"text/javascript\" src=\"/js/admin/plugins/wizard/jquery.form.wizard.js\"></script>\r\n<script type=\"text/javascript\" src=\"/js/user/additional-methods.js\"></script>\r\n<script type=\"text/javascript\" src=\"/js/user/messages_ru.js\"></script>\r\n<script type=\"text/javascript\" src=\"/js/user/form_reg.js\"></script>\r\n<script type=\"text/javascript\">\r\n\r\n\r\n	$(function(){$(\"#form_login\").validationEngine();\r\n\r\n$(\'input[name=n_vklad], select[name=vklad]\').change(function(){\r\nvar summ=$(\'input[name=n_vklad]\').val()\r\nvar plan=$(\'select[name=vklad]\').val()\r\nswitch(plan)\r\n{\r\n<?=get_vklad()?>\r\n}\r\nif(nal==1)nal=\"Ежемесячно\"\r\nelse nal=\"В конце срока\"\r\nsum_bon =summ * ((bonus/100)+1);\r\nout_summ=sum_bon *( ( (percent/100) /12) * month);\r\nout_summ_m=Math.round(sum_bon *( (percent/100) /12)* 100) / 100\r\n\r\nout_summ=Math.round(out_summ* 100) / 100\r\n$(\'input[name=month]\').val(month+\" мес.\")\r\n$(\'input[name=percent]\').val(percent+\" %\")\r\n$(\'input[name=nachislenie]\').val(nal)\r\n$(\'input[name=vmesyaz]\').val(out_summ_m+\" руб.\")\r\n$(\'input[name=pribil]\').val(out_summ+\" руб.\")\r\n})\r\n});\r\n</script>\r\n\r\n<!-- Wizard with custom fields validation -->\r\n<div class=\"widget\">\r\n<div class=\"title\"><img class=\"titleIcon\" src=\"images/icons/dark/pencil.png\" alt=\"\" />\r\n<h6>Калькулятор</h6>\r\n</div>\r\n<form id=\"wizard2\" class=\"form\" action=\"#\" method=\"post\">\r\n<fieldset id=\"w2first\" class=\"step\">\r\n\r\n          <div class=\"formRow\"><label>Сумма Вклада<span class=\"req\">*</span></label>\r\n<div class=\"formRight\"><input type=\"text\" name=\"n_vklad\" /></div>\r\n<div class=\"clear\"></div>\r\n</div>\r\n                        <div class=\"formRow\"><label>Тип вклада</label>\r\n<div class=\"formRight\"><select name=\"vklad\">\r\n<?=get_menu_vklad()?>\r\n</select></div>\r\n                <div class=\"clear\"></div>\r\n            </div>\r\n<div class=\"formRow\"><label>Детали вклада</label>\r\n<div class=\"formRight\">\r\n<span class=\"oneFour\" style=\"font-size:11px;margin-right:10px;width:38px;\">срок:<br/><input type=\"text\" name=\'month\' value=\"\" /></span>\r\n<span class=\"oneFour\" style=\"font-size:11px;margin-right:10px;width:71px;\">% ставка/год:<br/><input type=\"text\" name=\'percent\' value=\"\" /></span>\r\n<span class=\"oneFour\" style=\"font-size:11px;margin-right:10px;width:72px;\">начисление:<br/><input type=\"text\" name=\"nachislenie\" value=\"\" /></span>\r\n<span class=\"oneFour\" style=\"font-size: 11px; margin-right: 10px; width: 57px;\">прибыль/мес:<br><input type=\"text\" class=\"ui-wizard-content\" name=\"vmesyaz\" value=\"\"></span>\r\n<span class=\"oneFour\" style=\"font-size:11px;margin-right:0px;width:126px;\">прибыль на конец срока:<br/><input type=\"text\" name=\"pribil\" value=\"\" /></span>\r\n</div>\r\n<div class=\"clear\"></div>\r\n</div>\r\n</fieldset>\r\n</form>\r\n</div>\r\n<div class=\"clearfix\"></div>'),(10,'Регистрация Партнера',' <link rel=\"stylesheet\" href=\"/css/user/form_reg.css\" type=\"text/css\" media=\"screen\" />\r\n<script type=\"text/javascript\" src=\"/js/admin/plugins/forms/jquery.maskedinput.min.js\"></script>\r\n<script type=\"text/javascript\" src=\"/js/user/jquery-ui-personalized-1.5.3.packed.js\"></script>\r\n<script type=\"text/javascript\" src=\"/js/user/ui.datepicker-ru.js\"></script>\r\n<script type=\"text/javascript\" src=\"http://ajax.googleapis.com/ajax/libs/jqueryui/1.8/jquery-ui.min.js\"></script>\r\n<script type=\"text/javascript\" src=\"/js/user/accounting.min.js\"></script>\r\n<script type=\"text/javascript\" src=\"/js/admin/plugins/wizard/jquery.form.js\"></script>\r\n<script type=\"text/javascript\" src=\"/js/user/jquery.validate.js\"></script>\r\n<script type=\"text/javascript\" src=\"/js/admin/plugins/wizard/jquery.form.wizard.js\"></script>\r\n<script type=\"text/javascript\" src=\"/js/user/additional-methods.js\"></script>\r\n<script type=\"text/javascript\" src=\"/js/user/messages_ru.js\"></script>\r\n<script type=\"text/javascript\" src=\"/js/user/form_reg.js\"></script>\r\n\r\n\r\n<script>\r\n$(function()\r\n{\r\n$(\'#sv_fact_dres\').change(function()\r\n	{\r\n		if($(this).val()==1)\r\n		{\r\n		$(\'input[name=r_house]\').val($(\'input[name=f_house]\').val());\r\n		$(\'input[name=r_index]\').val($(\'input[name=f_index]\').val());\r\n		$(\'input[name=r_town]\').val($(\'input[name=f_town]\').val());\r\n		$(\'input[name=r_street]\').val($(\'input[name=f_street]\').val());\r\n		$(\'input[name=r_flat]\').val($(\'input[name=f_flat]\').val());\r\n		$(\'input[name=r_kc]\').val($(\'input[name=f_kc]\').val());\r\n		\r\n		\r\n		}\r\n	});\r\n	\r\n	$(\'input[name=form_check]\').change(function(){\r\n	\r\n	val=$(this).val();\r\n	if(val==1)$(\'input[name=form_check].form_check1\').attr(\'checked\',\'checked\');\r\n	else $(\'input[name=form_check].form_check2\').attr(\'checked\',\'checked\');\r\n	\r\n	})\r\n	\r\n	/*$(\'.title\').click(function(){\r\n	var val=$(\'input[name=phone]\').val();\r\n	var regexp = /\\(([0-9]{3})\\)\\s([0-9]{3})-([0-9]{3})/g;\r\n\r\nvar newtext = val.replace(regexp, \'$1$2$3\');\r\n\r\n	$(\'input[name=phone]\').val(newtext); })*/\r\n});\r\n\r\n</script>\r\n\r\n<!-- Wizard with custom fields validation -->\r\n<div class=\"widget\">\r\n<div class=\"title\"><img class=\"titleIcon\" src=\"images/icons/dark/pencil.png\" alt=\"\" />\r\n<h6>Регистрация Партнера</h6>\r\n</div>\r\n<form id=\"wizard2\" class=\"form\" action=\"/\" method=\"post\">\r\n<fieldset id=\"w2first\" class=\"step\">\r\n<input type=\"hidden\" name=\"type\" value=\"1\" />\r\n\r\n<div class=\"formRow\"><label>Имя<span class=\"req\">*</span></label>\r\n<div class=\"formRight\"><input type=\"text\" name=\"n_name\" /></div>\r\n<div class=\"clear\"></div>\r\n</div>\r\n<div class=\"formRow\"><label>Фамилия<span class=\"req\">*</span></label>\r\n<div class=\"formRight\"><input type=\"text\" name=\"f_name\" /></div>\r\n<div class=\"clear\"></div>\r\n</div>\r\n<div class=\"formRow\"><label>Отчество<span class=\"req\">*</span></label>\r\n<div class=\"formRight\"><input type=\"text\" name=\"o_name\" /></div>\r\n<div class=\"clear\"></div>\r\n</div>\r\n<div class=\"formRow\"><label>Название организации</label>\r\n<div class=\"formRight\"><input type=\"text\" name=\"w_name\" /></div>\r\n<div class=\"clear\"></div>\r\n</div>\r\n<div class=\"formRow\"><label>Телефон<span class=\"req\">*</span></label>\r\n<div class=\"formRight\"><input class=\"maskPhone\" type=\"text\" name=\"phone\" value=\"\" /></div>\r\n<div class=\"clear\"></div>\r\n</div>\r\n<div class=\"formRow\"><label>E-mail<span class=\"req\">*</span></label>\r\n<div class=\"formRight\"><input id=\"form_email\" type=\"text\" name=\"email\" /></div>\r\n<div class=\"clear\"></div>\r\n</div>\r\n<div class=\"formRow\"><label>Адрес сайта</label>\r\n<div class=\"formRight\"><input id=\"form_web\" type=\"text\" name=\"web\" /></div>\r\n<div class=\"clear\"></div>\r\n</div>\r\n<div class=\"formRow\"><label>Регион проживания</label>\r\n<div class=\"formRight\" style=\"margin-top:-10px;\"><select class=\"required\" data-name=\"Регион проживания\" id=\"REGION_SELECT\" name=\"place\" tabindex=\"14\">\r\n                                              <option value=\"\" selected> </option>\r\n                  <option value=\"1\" >Москва</option>\r\n                  <option value=\"2\" >Mосковская область</option>\r\n                  <option value=\"439\" >Архангельск и область</option>\r\n                  <option value=\"425\" >Астрахань и область</option>\r\n                  <option value=\"381\" >Барнаул и Алтайский край</option>\r\n                  <option value=\"423\" >Белгород и область</option>\r\n                  <option value=\"20\" >Брянск и область</option>\r\n                  <option value=\"133\" >Владимир и область</option>\r\n                  <option value=\"424\" >Волгоград и область</option>\r\n                  <option value=\"435\" >Вологда и область</option>\r\n                  <option value=\"141\" >Воронеж и область</option>\r\n                  <option value=\"430\" >Екатеринбург и область</option>\r\n                  <option value=\"21\" >Иваново и область</option>\r\n                  <option value=\"151\" >Ижевск и Удмуртская республика</option>\r\n                  <option value=\"24\" >Йошкар-Ола и Республика Марий Эл</option>\r\n                  <option value=\"429\" >Иркутск и область</option>\r\n                  <option value=\"27\" >Казань и Республика Татарстан</option>\r\n                  <option value=\"3\" >Калуга и область</option>\r\n                  <option value=\"23\" >Киров и область</option>\r\n                  <option value=\"440\" >Кострома и область</option>\r\n                  <option value=\"142\" >Краснодар и край</option>\r\n                  <option value=\"383\" >Красноярск и край</option>\r\n                  <option value=\"143\" >Курск и область</option>\r\n                  <option value=\"4\" >Липецк и область</option>\r\n                  <option value=\"216\" >Мурманск и область</option>\r\n                  <option value=\"144\" >Нижний Новгород и область</option>\r\n                  <option value=\"432\" >Новосибирск и область</option>\r\n                  <option value=\"384\" >Омск и область</option>\r\n                  <option value=\"35\" >Орел и область</option>\r\n                  <option value=\"134\" >Оренбург и область</option>\r\n                  <option value=\"135\" >Пенза и область</option>\r\n                  <option value=\"145\" >Пермь и край</option>\r\n                  <option value=\"146\" >Петрозаводск и республика Карелия</option>\r\n                  <option value=\"34\" >Ростов на Дону и область</option>\r\n                  <option value=\"16\" >Рязань и область</option>\r\n                  <option value=\"33\" >Самара и область</option>\r\n                  <option value=\"170\" >Санкт-Петербург и Ленинградская область</option>\r\n                  <option value=\"25\" >Саранск и Республика Мордовия</option>\r\n                  <option value=\"36\" >Саратов и область</option>\r\n                  <option value=\"17\" >Смоленск и область</option>\r\n                  <option value=\"136\" >Ставрополь и край</option>\r\n                  <option value=\"148\" >Тамбов и область</option>\r\n                  <option value=\"18\" >Тверь и область</option>\r\n                  <option value=\"428\" >Томск и область</option>\r\n                  <option value=\"19\" >Тула и область</option>\r\n                  <option value=\"431\" >Тюмень и область</option>\r\n                  <option value=\"137\" >Ульяновск и область</option>\r\n                  <option value=\"26\" >Уфа и Республика Башкортостан</option>\r\n                  <option value=\"433\" >Хабаровск</option>\r\n                  <option value=\"149\" >Чебоксары и Чувашская республика</option>\r\n                  <option value=\"434\" >Челябинск и область</option>\r\n                  <option value=\"22\" >Ярославль и область</option>\r\n                  <option value=\"999999\" >Другой регион</option>\r\n                                           </select></div>\r\n<div class=\"clear\"></div>\r\n</div>\r\n\r\n<div class=\"formRow\"><label>Пожелания</label>\r\n<div class=\"formRight\"><input id=\"form_suggest\" type=\"text\" name=\"suggest\" /></div>\r\n<div class=\"clear\"></div>\r\n</div>\r\n\r\n<div class=\"formRow\"><label><input type=\"checkbox\" name=\"agree\" value=\"1\" /> Согласие на передачу и обработку персональных данных</label>\r\n<div class=\"formRight\"></div>\r\n<div class=\"clear\"></div>\r\n</div>\r\n</fieldset>\r\n<div class=\"wizButtons\">\r\n<div id=\"status2\" class=\"status\"></div>\r\n<span class=\"wNavButtons\"> <input id=\"next2\" class=\"blueB ml10\" type=\"submit\" value=\"Отправить\" /> </span></div>\r\n<div class=\"clear\"></div>\r\n</form>\r\n<div id=\"w2\" class=\"data\"></div>\r\n</div>\r\n<div class=\"clearfix\"></div>');
/*!40000 ALTER TABLE `shablon` ENABLE KEYS */;
UNLOCK TABLES;

--
-- Table structure for table `transaction`
--

DROP TABLE IF EXISTS `transaction`;
/*!40101 SET @saved_cs_client     = @@character_set_client */;
/*!40101 SET character_set_client = utf8 */;
CREATE TABLE `transaction` (
  `id` int(11) NOT NULL AUTO_INCREMENT,
  `kontract` int(11) NOT NULL,
  `payment` int(11) NOT NULL,
  `time_payment` timestamp NOT NULL DEFAULT CURRENT_TIMESTAMP,
  PRIMARY KEY (`id`)
) ENGINE=MyISAM DEFAULT CHARSET=latin1;
/*!40101 SET character_set_client = @saved_cs_client */;

--
-- Dumping data for table `transaction`
--

LOCK TABLES `transaction` WRITE;
/*!40000 ALTER TABLE `transaction` DISABLE KEYS */;
/*!40000 ALTER TABLE `transaction` ENABLE KEYS */;
UNLOCK TABLES;

--
-- Table structure for table `users`
--

DROP TABLE IF EXISTS `users`;
/*!40101 SET @saved_cs_client     = @@character_set_client */;
/*!40101 SET character_set_client = utf8 */;
CREATE TABLE `users` (
  `id_user` int(11) NOT NULL AUTO_INCREMENT,
  `user_login` text NOT NULL,
  `user_pass` text NOT NULL,
  `reg_date` timestamp NOT NULL DEFAULT CURRENT_TIMESTAMP,
  `online_date` timestamp NOT NULL DEFAULT '0000-00-00 00:00:00',
  `name` text NOT NULL,
  `sername` text NOT NULL,
  `patronymic` text NOT NULL,
  `email` text NOT NULL,
  `phone` text,
  `sex` text NOT NULL,
  `born` text NOT NULL,
  `place` text NOT NULL,
  `family_state` text NOT NULL,
  `pasport_seria` text NOT NULL,
  `pasport_number` text NOT NULL,
  `pasport_date` text NOT NULL,
  `pasport_kpd` text NOT NULL,
  `pasport_kvn` text NOT NULL,
  `pasport_born` text NOT NULL,
  `work_name` text,
  `work_phone` text,
  `work_place` text,
  `work_who` text,
  `work_time` text,
  `work_money` text,
  `account_verification` text,
  `state` int(11) NOT NULL DEFAULT '1',
  `type` int(11) NOT NULL DEFAULT '1',
  PRIMARY KEY (`id_user`)
) ENGINE=MyISAM AUTO_INCREMENT=45 DEFAULT CHARSET=utf8;
/*!40101 SET character_set_client = @saved_cs_client */;

--
-- Dumping data for table `users`
--

LOCK TABLES `users` WRITE;
/*!40000 ALTER TABLE `users` DISABLE KEYS */;
INSERT INTO `users` (`id_user`, `user_login`, `user_pass`, `reg_date`, `online_date`, `name`, `sername`, `patronymic`, `email`, `phone`, `sex`, `born`, `place`, `family_state`, `pasport_seria`, `pasport_number`, `pasport_date`, `pasport_kpd`, `pasport_kvn`, `pasport_born`, `work_name`, `work_phone`, `work_place`, `work_who`, `work_time`, `work_money`, `account_verification`, `state`, `type`) VALUES (21,'q6U+gS+a8iUNqLNe','','2012-11-22 10:20:14','0000-00-00 00:00:00','1h6N+2igeobRDjC7+AGE+A==','1h6N+2igeobRDjC7+AGE+A==','sLtuFy3hISlFrnxb','d/uFc3tRd9nMYnfkeaAXm0uOt25wqzDJ','QMERZ9AWUzFwY9mM','wrMeNEOtw+s=','9SOHuN/04x3Les05BLG/MQ==','wrMeNEOtw+s=','zNCfMW4u3nQ=','VQBy+lBaWu0=','HrbL3nEG2y0=','fK6hsu4LU72pq5VCsysBeg==','QVWaJsn5dIoW9xorQFjnQg==','g7z8V0alOXlwgoHR','uiZYrW+Rd0p9blQM','XhVQtJfzojQr+B6E','jhFfgxOO9U1nTYde','8nbi9HHRh1EQznmJ','X0m+xJ/0zjQ=','btVZxzY6bio=','32Jl6qFEs4k=',NULL,1,1),(22,'mOvtkSGNQ2TFkM7h','9dC4wpfFSCMhsxKv','2012-11-22 10:50:47','0000-00-00 00:00:00','cBhTXxLehiVeZ4JZ','EQ095DVSRkPod5M3','NYvI27RpCrk=','a2uiUctIN5vil1+EzXfGE1RJQSI=','z24cY5TNrsbSdjMI1HX8lQ==','wrMeNEOtw+s=','vDEY6TOqscbYqw0qZTXRxg==','wrMeNEOtw+s=','zNCfMW4u3nQ=','V/dU1XMOFHM=','mAbzi+taY63UkCha','J1di6x6vDPvlMPEKbGq5EQ==','zLRzCUDRzGQ=','D9SmxMMM6m9ZsRKjpgnmKUjgVpsLTO7sGKRqAIP8gNMjp1xM1Rw0SA==','kwW3+mEWDYkrBmvC','','','','','','',NULL,2,1),(2,'RrWpFQ0NxBp5byrN','9jcwdGR2tnVeOxII','2012-09-19 10:30:44','0000-00-00 00:00:00','1By9oo55629gHE0E','GeXi1FEVZa2jrsHnyEFwpg==','Fu7aQmNUzUwloqYlqHSwGWxuqec=','d/uFc3tRd9nMYnfkeaAXm0uOt25wqzDJ','sidVsQdXNU7xZTojqgdrGw==','wrMeNEOtw+s=','0t5lhdGgvIEMF9FaUpF6fQ==','wrMeNEOtw+s=','zNCfMW4u3nQ=','gGXHMSgavqU=','L1vUgxJH66B6DfXu','fK6hsu4LU72pq5VCsysBeg==','bHlc+4LwPUCHB7sW','Mod1Gmp3z/gl0NQvob9hTjrES+g=','XgGarWZd4J2QxScdfbDlWejqw6Ui9zb8','VsoZhNC1kiduJ3l+','z41qI+NYTATF/kWl','Mod1Gmp3z/gl0NQvob9hTjrES+g=','b7BPDeoIGPopFbGJ','Sk18owLzgxU=','3X0PEWjNta4=','1',2,1),(3,'/XRxm7jNkdyjW8BT','9jcwdGR2tnVeOxII','2012-09-19 10:31:43','0000-00-00 00:00:00','1h6N+2igeobRDjC7+AGE+A==','GeXi1FEVZa2jrsHnyEFwpg==','MKUJepZS4egau4sbyn4VcA==','d/uFc3tRd9nMYnfkeaAXm0uOt25wqzDJ','N/lLfpW80Ouoe7qPIjAgnw==','wrMeNEOtw+s=','','AohlvJ5UqtE9rOh0p0uBge2BRGE=','zNCfMW4u3nQ=','gGXHMSgavqU=','L1vUgxJH66B6DfXu','C9ffBhlRcmLN4TG9','bHlc+4LwPUCHB7sW','Mod1Gmp3z/gl0NQvob9hTjrES+g=','XgGarWZd4J2QxScdfbDlWejqw6Ui9zb8','VsoZhNC1kiduJ3l+','e6xoAdhV2sqS9Tai','Mod1Gmp3z/gl0NQvob9hTjrES+g=','b7BPDeoIGPopFbGJ','Sk18owLzgxU=','3X0PEWjNta4=','1',1,1),(24,'3FRMXv02zUEOokwsBbhaOw==','3FRMXv02zUEOokwsBbhaOw==','2012-11-22 17:39:45','0000-00-00 00:00:00','z1HHS/Q7Ux+z6mhNm7CLrA==','k1uOgDFLfCZoJMEDZHT7yA==','RdKzTzJcTkbGrkWoOuWAwA==','ikgUMBy2KXKCFRX+SxLDOOkdI+9rPwzOIDp8Vg==','bNvewXf4bv7cwfaoitvV9Q==','wrMeNEOtw+s=','txj1pewppRf+SXtv1fZmTQ==','wrMeNEOtw+s=','zNCfMW4u3nQ=','UGvDIDpK+1Q=','XV8lNYQopI5GLwvd','m2FYjnEpIp24ZpddLZeHlg==','srvWmKQVDLY=','4/i/C4NdX4bTzfNJ','rry9KK8OREYK9dGi','HrD27RnN37iQUqTb','bXdbe4sv4rOE1PUq','IpChJuw3f6GdFSdacDGiWQ==','/CKsQrqs9GY=','v4LVxg2V5vc=','N1NtZl8b4o4wdStu',NULL,1,1),(23,'8AFdeOc60aNDxXmL','b+Kjx5AOvtKnV56a','2012-11-22 17:38:52','0000-00-00 00:00:00','DiU+XiESIAixIl2wDO4vR3cbjxd+jNcy','04cYUyw4snCDFBjYhBPDUQ==','YVuNXRIv/bqVB7IzQXxZig==','JHRawEsdfqwP1Y/ZjuY06yitetBan6ly','KGW9GDqeqK0ifXzJf/A26w==','wrMeNEOtw+s=','4l3ScoV2+690dmtDvY57iA==','wrMeNEOtw+s=','wrMeNEOtw+s=','ZfCgy1auBtQ=','cZhBm7gU+NjFMwC8','bhOpH8pp55K8pS5PugxexQ==','SIbf07BibZwcYIJs','yyAFoV/TPkEQo3mv','enQL9mlRwR0iTrh9qITKYA==','asFHFyFubIA2froKDJ2I9w==','KGW9GDqeqK0ifXzJf/A26w==','enQL9mlRwR0iTrh9qITKYA==','7siFdWJbqJ0zAJmPuaikV6aclqo=','ctKy6SJ4vkU=','nSkfPNUb2qg=',NULL,1,1),(19,'BYNIY/mbNiOzh6N31ke7jA==','8sdbV7hyvaF1FE0W','2012-11-20 12:45:15','0000-00-00 00:00:00','BditJI3D3rd2IiheyoVwTzcrEsE=','j96hNjFt6tqUPLxUk+Hbc9Yycgs=','RQc0iWa8KK01b/UCWkR2svnxPAw9QUsVetmeDQ==','T6tIhVqR3rriGSNZrL63zqB/qE4pN7Q9','3ALGuYVvJmIKukgKIvtC/A==','zYPfYt2oMB4=','n2Zuin9AFomEpJqtKRjiqw==','zYPfYt2oMB4=','zNCfMW4u3nQ=','qNpaMZAzhDs=','35TEgovVJzyR7kuO','fUVbR7bz2AFzhJSW3arnNg==','IVe/4t0Dy1VcZE6Z','vAQW4xIAMK/6eHASbfnrs+vZyuktR/uslVU3ZnfCHWj7d52lBe/zSw==','eaqO0xOkwL2ZH96q8LU+Tg==','','','','','','',NULL,1,1),(16,'0vruVkFQkWQg5gx5','','2012-11-19 16:37:02','0000-00-00 00:00:00','MTcU1Q9jBCoee97x','a1u7l4X0O21H4snj9HDuaTooqs4=','sLtuFy3hISlFrnxb','d/uFc3tRd9nMYnfkeaAXm0uOt25wqzDJ','Y5mZdfACPWpP5CxFVNUJlA==','wrMeNEOtw+s=','8RRMA/52Nx6ts4JJYmeRKA==','wrMeNEOtw+s=','zNCfMW4u3nQ=','VQBy+lBaWu0=','HrbL3nEG2y0=','+NF/meP+v64ygQmBZiwkQw==','ksFd8pOHi20=','g7z8V0alOXlwgoHR','uiZYrW+Rd0p9blQM','','','','','','',NULL,1,1),(20,'+6aWFTpRejoGmtCM','9jcwdGR2tnVeOxII','2012-11-21 16:16:20','0000-00-00 00:00:00','1h6N+2igeobRDjC7+AGE+A==','a1u7l4X0O21H4snj9HDuaTooqs4=','sLtuFy3hISlFrnxb','d/uFc3tRd9nMYnfkeaAXm0uOt25wqzDJ','hC39LHXr7ARpYAkB','wrMeNEOtw+s=','8RRMA/52Nx6ts4JJYmeRKA==','wrMeNEOtw+s=','zNCfMW4u3nQ=','VQBy+lBaWu0=','p7zAAaj2XwM=','+NF/meP+v64ygQmBZiwkQw==','ksFd8pOHi20=','g7z8V0alOXlwgoHR','uiZYrW+Rd0p9blQM','','','','','','',NULL,1,1),(18,'7vhEtGoBqy8su9cd','9jcwdGR2tnVeOxII','2012-11-19 17:03:23','0000-00-00 00:00:00','1h6N+2igeobRDjC7+AGE+A==','a1u7l4X0O21H4snj9HDuaTooqs4=','sLtuFy3hISlFrnxb','d/uFc3tRd9nMYnfkeaAXm0uOt25wqzDJ','Y5mZdfACPWpP5CxFVNUJlA==','wrMeNEOtw+s=','z6irAfBulsTC7q/7v23kFQ==','zYPfYt2oMB4=','zNCfMW4u3nQ=','VQBy+lBaWu0=','HrbL3nEG2y0=','+NF/meP+v64ygQmBZiwkQw==','7fYihtniqoWpf7Oc','g7z8V0alOXlwgoHR','uiZYrW+Rd0p9blQM','','','','','','',NULL,2,1),(25,'','','2012-11-23 14:48:42','0000-00-00 00:00:00','1h6N+2igeobRDjC7+AGE+A==','a1u7l4X0O21H4snj9HDuaTooqs4=','','lQoWSO55Fxam3AlOK5nF7dloeBi+ryz9','Y5mZdfACPWpP5CxFVNUJlA==','','','wrMeNEOtw+s=','','','','','','','','','','','','','',NULL,1,1),(26,'','9dC4wpfFSCMhsxKv','2012-11-27 12:41:58','0000-00-00 00:00:00','cBhTXxLehiVeZ4JZ','EQ095DVSRkPod5M3','','lLa1Fo/g1asrpfNAKU0NKHRTA/B+UZOS','z24cY5TNrsbSdjMI1HX8lQ==','','','wrMeNEOtw+s=','','','','','','','','apyn9T3rrG5i0mZN14wuOCcqXZM=','Apj/IMXYlOsjxp3w','wXeyFGTNenfHAxlbggSF9KE9ePh5w5ztgXslow==','YCI6UQQrPBX99FY2XJJEEQ==','LfsLdKuI+sMnJsxT','2WAuPkE9KiaT+GUd',NULL,1,1),(27,'','d8StCyYAdxHUmKku','2013-01-29 07:33:22','0000-00-00 00:00:00','h6cx2sNymlGJVVp9c/yrTH0caOtlOyHa','CCGBMolUtoMKX8wI5DtW/AJ+iIOC3iSy','','hJ+m6zNsgtNfGz+qoAELEriqd8A=','jDQFDIjAU6NatPpAw7Wx9w==','','','wrMeNEOtw+s=','','','','','','','','','','','','','',NULL,1,1),(28,'','PF3Cj8v2E3VDIOMN','2013-03-02 20:56:03','0000-00-00 00:00:00','de7XxrFRNPfUUVL2VhKykw==','87eLuXLwnBekwzEo/vuWOX7o5B0=','','fC3lOaHv6VIOMdZ+kiKkr6fyDjYB0zHcfNra/g==','U8Feo8lz57wdAG7Fk+2tSQ==','','','wrMeNEOtw+s=','','','','','','','','82G2VJC9XXrnzDLkvjiiJ/4YVz8=','AmZMDoZMOO5ZVkCbWcoJNQ==','','8jnm7kdsyiZLWoVWhBTYg15gsKQpE+af','dQ2kmTgqi8fMSKrvogA+Yg==','jMgXpVd/I4uXyEAC',NULL,1,1),(29,'','1n43BDeYZ8r+aaKB','2013-03-07 07:57:23','0000-00-00 00:00:00','rcEpY0/bLxNOhFOXm6XzRqpRUW8=','/HbuzPFA/LItCxHzBWuxylHx5ZWTQvq/','','8j2+DgAFlinbN2tS5ovdyNYzgK00a+lb','Davt8GLsPObO6zmgFZjlBA==','','','wrMeNEOtw+s=','','','','','','','','oWybgyL5iFNkqVm4vH26e6VcXZqMoMYltq74AocpfcEjA3ZkYYUDVRvTF/0=','Davt8GLsPObO6zmgFZjlBA==','','zcLBfSOCn9pRrA77ZjqDUxdrfDN+JnYQup8Tpdl9hCQhQM4UpnM4WaUqAlA=','wrMeNEOtw+s=','7mJl0ZBZHot9g4gw',NULL,1,1),(30,'','DQJ90Be7hlEHsLr/','2013-03-23 07:09:02','0000-00-00 00:00:00','6GzcgeogR91LelLinMUtGA==','P6bUajilIBt4gmKM2CyRvg==','','2P/UNaDGDCfndjyEAD0erLvJRgdjXx8VEqL5xw==','Ut11b+BGS6uVHxyk3te9FA==','','','zYPfYt2oMB4=','','','','','','','','JALKm+Wii/65h/gAwN/waVUHZkBHtUNWYVZJ9fdIZTQl5zGdns1slLSYsL9FWFP+','CmKfvg5tM9L5i4XhLMf/BQ==','','/xdv2NJwB/+i1RepaFFOGPCMbxqDvJNv','NQepV0k59UWunEg3','dW3tX+jc6nLH5V37',NULL,1,1),(31,'','9dC4wpfFSCMhsxKv','2013-04-01 12:12:00','0000-00-00 00:00:00','zsM2JiSUgBejzipl0CXxhQ==','GLX9sO48vwYhV1xbcPBxXQ==','','Ya/W/GsyvQy8kajvKnI1HkCZmT0=','yucDLgPvkR3Qn4VzJfQIFQ==','','','wrMeNEOtw+s=','','','','','','','','','','','','','',NULL,1,1),(32,'','Xs58gpAtP5G0mkOB','2013-04-05 04:09:41','0000-00-00 00:00:00','5tUEOjBgWOAckelhdWudeA==','tmQg0t22Hfb/zXRUcyg5ZAgdziRSuf0y','','/LsTdLk/75dfruF13GrQCkTbB1Q=','CIJGHGZC1Y0v+3P+t/eIfA==','','','wrMeNEOtw+s=','','','','','','','','5iXwoVNlyOIU9NoOi1zaPSc6etfcnVzT89i85g==','CIJGHGZC1Y0v+3P+t/eIfA==','','3oc3LP8zylD3OVDGNDMHy5VGkLGNYkTjZCN5bw==','spciw1hRGjY=','',NULL,1,1),(33,'','','2013-04-28 10:38:49','0000-00-00 00:00:00','hD6falQGLQf2gMh1','GJ6WG8wOpON29agvy6zKQw==','','/srL+IBhMi11IUrP7DP/4+xtR9FoFRChzX4rTA==','OH40tacS7DKscjDfQchpdw==','','svUpQ2RC8/ZxzOSV1X9zGQ==','wrMeNEOtw+s=','','pVMbzMqZWb0=','ZimA3uP4YaUgexSG','Ft73Egavo69NhFXQyxIu4w==','Haa28xsLUtk=','QCXR8kGhesdkZ52w','Nonj6HEuldjaO5pC','u4RFTPli0sybvshBS1Gvbg==','','','','','',NULL,1,1),(34,'','9dC4wpfFSCMhsxKv','2013-04-29 06:04:26','0000-00-00 00:00:00','dT5HtYYkV8XysGro','8puPGQh6VzUyzfzl','','nC9aK+zjcKjfVIYDstKVa9k9fwQ=','BYFgdysQajA3kfJzv0lCDw==','','','wrMeNEOtw+s=','','','','','','','','','','','','','',NULL,1,1),(35,'','9dC4wpfFSCMhsxKv','2013-04-29 06:21:45','0000-00-00 00:00:00','dT5HtYYkV8XysGro','JL1bc993/PPbMtJ4','MNgYXyA/dRo=','T02mYBVBRBnZRg/YdaB3j4mUERKlxVGK','uK6uUMf6gaVc9nSHcbhKNQ==','wrMeNEOtw+s=','m2FYjnEpIp24ZpddLZeHlg==','zYPfYt2oMB4=','','RxdRHlkKO+s=','YC0xPvnIbwJ5d2Pt','0LLYQSI1e5gzEYJsVJd4kA==','SR+7n7rGw/c=','SR+7n7rGw/c=','SR+7n7rGw/c=','x55tUJe9IZY=','Ja9Wyulpp1jZe5s7','n0ZW6434yK0=','n0ZW6434yK0=','n0ZW6434yK0=','n0ZW6434yK0=',NULL,1,1),(36,'','','2013-04-29 07:43:52','0000-00-00 00:00:00','GULCMjakDhnDJgQ7','txbmfDNUPCA=','MQypxxE4mhVSZutIUkOYOQ==','S28r74Zjypel3u2MFMIGYq3tMrE36ar8','KyeQ+jdxcIzVWwTZ','','m2FYjnEpIp24ZpddLZeHlg==','wrMeNEOtw+s=','','','','','','','','','','','','','',NULL,1,1),(37,'','KDWIboZYSwHS/cWB','2013-04-29 14:19:57','0000-00-00 00:00:00','hD6falQGLQf2gMh1','GJ6WG8wOpON29agvy6zKQw==','','9xN/QfDY+pUFnEf2Akp745zAhaWGBH3F4lTAVQ==','CHpPSmNykglYYGuvbX/thA==','','','wrMeNEOtw+s=','','','','','','','','PVjTFRbDR1H6wTWMiP/yIg==','qa4UYr5Kww0Tcz+KiaP8rFAMe+w=','','FXshqVeuQ44+TKHxk9jAMw==','NWlSqXho25MyQB0w','WB9rmfa/jkwjIdVokHun/pYuwFk=',NULL,1,1),(38,'','KDWIboZYSwHS/cWB','2013-05-02 07:25:10','0000-00-00 00:00:00','hD6falQGLQf2gMh1','hVTvOP+ioAYl2hIKDsBaPQ==','','eRL1jyn5FHTcyW3uodJpMjAXF24A/waj','hAvxIR5nFHxnruDPFrotNQ==','','','wrMeNEOtw+s=','','','','','','','','vyjqNCTxmYd5CQ6/','Keig1x+p1i9q8qX3q4br0g==','','FXshqVeuQ44+TKHxk9jAMw==','ctKy6SJ4vkU=','dxdxjRLSI5D64ItX',NULL,1,1),(39,'','KDWIboZYSwHS/cWB','2013-05-02 08:48:31','0000-00-00 00:00:00','hD6falQGLQf2gMh1','sAiupiyHzLk=','','8S+qtU8++xUIUPZlQxvlQg==','hAvxIR5nFHxnruDPFrotNQ==','','','wrMeNEOtw+s=','','','','','','','','','','','','','',NULL,1,1),(40,'','L+KuJk3JfgFr0tuc6Q1T3A==','2013-05-02 08:54:16','0000-00-00 00:00:00','04cYUyw4snCDFBjYhBPDUQ==','DiU+XiESIAixIl2wDO4vR3cbjxd+jNcy','','AAMlBk//R+sRki7yjyxhrNm260gPH+OG','YsAg9n81+29aJNGgSY2Qcg==','','','wrMeNEOtw+s=','','','','','','','','','','','','','',NULL,1,1),(41,'','KDWIboZYSwHS/cWB','2013-05-02 11:39:02','0000-00-00 00:00:00','hD6falQGLQf2gMh1','uXN/+t8REXO5SVkE/aHHYA==','','oKGUG1JLr5v7DRyW/K/zdA==','hAvxIR5nFHxnruDPFrotNQ==','','','wrMeNEOtw+s=','','','','','','','','','','','','','',NULL,1,1),(42,'','Tj79BPFK4TRcEUOc','2013-05-11 04:09:23','0000-00-00 00:00:00','Q25Dgosm21pkGCit','OsUlL1F09n3Q3dINxNMhBg==','3tMSztLCcDf77yUGdHSFlg==','j+AaxMAGGHCkl0aqkkZZ6g==','JAItxYceDWmFRihOxrCeag==','','','wrMeNEOtw+s=','','','','','','','','','','','','','',NULL,1,1),(43,'','lMr46XlsZpgcio4NdJg1NA==','2013-05-11 12:40:11','0000-00-00 00:00:00','WFFe4Zqfzc4WTmMhpPDVMA==','FSkhMJ+daO6mdAVfqmfn4Q==','NBlDUiohwlezDAu+6sgcUOVUVLXVDaC3','VH5XyQ7gfueP1KDt2NkVW8v3PCM=','hE+NGTDled0+unIvI+lc4Q==','','','wrMeNEOtw+s=','','','','','','','','','','','','','',NULL,1,1),(44,'','','2013-05-14 06:25:02','0000-00-00 00:00:00','MTcU1Q9jBCoee97x','a1u7l4X0O21H4snj9HDuaTooqs4=','sLtuFy3hISlFrnxb','2qticJc40dWApFvH9eq3u2DJL9A=','Y5mZdfACPWpP5CxFVNUJlA==','','','wrMeNEOtw+s=','','','','','','','','HrbL3nEG2y0=','b1TwSe3h1vv2rfEcF2Co5Q==','6IMCrXHMaEyV32n2r6T4XZH8gn1UbDvBwV4aqA==','HrbL3nEG2y0=','HrbL3nEG2y0=','HrbL3nEG2y0=',NULL,1,1);
/*!40000 ALTER TABLE `users` ENABLE KEYS */;
UNLOCK TABLES;

--
-- Dumping routines for database 'webfin_base'
--
/*!40103 SET TIME_ZONE=@OLD_TIME_ZONE */;

/*!40101 SET SQL_MODE=@OLD_SQL_MODE */;
/*!40014 SET FOREIGN_KEY_CHECKS=@OLD_FOREIGN_KEY_CHECKS */;
/*!40014 SET UNIQUE_CHECKS=@OLD_UNIQUE_CHECKS */;
/*!40101 SET CHARACTER_SET_CLIENT=@OLD_CHARACTER_SET_CLIENT */;
/*!40101 SET CHARACTER_SET_RESULTS=@OLD_CHARACTER_SET_RESULTS */;
/*!40101 SET COLLATION_CONNECTION=@OLD_COLLATION_CONNECTION */;
/*!40111 SET SQL_NOTES=@OLD_SQL_NOTES */;

-- Dump completed on 2013-05-16  1:05:02
